seq,dut_ts,arrival_time,payload_len,raw_len,arrival_epoch
0,43813,2025-12-20T04:46:31.875994+00:00,16,20,1766205991.875972
1,43839,2025-12-20T04:46:31.919939+00:00,16,20,1766205991.919914
2,43864,2025-12-20T04:46:31.920018+00:00,16,20,1766205991.920010
3,43890,2025-12-20T04:46:31.922893+00:00,16,20,1766205991.922877
4,43915,2025-12-20T04:46:31.964860+00:00,16,20,1766205991.964839
5,43941,2025-12-20T04:46:31.964935+00:00,16,20,1766205991.964928
6,43966,2025-12-20T04:46:32.011009+00:00,16,20,1766205992.010987
7,43992,2025-12-20T04:46:32.011095+00:00,16,20,1766205992.011086
8,44018,2025-12-20T04:46:32.055889+00:00,16,20,1766205992.055865
9,44043,2025-12-20T04:46:32.101016+00:00,16,20,1766205992.100990
10,44069,2025-12-20T04:46:32.190848+00:00,16,20,1766205992.190832
11,44094,2025-12-20T04:46:32.190908+00:00,16,20,1766205992.190902
12,44120,2025-12-20T04:46:32.190931+00:00,16,20,1766205992.190928
13,44146,2025-12-20T04:46:32.236165+00:00,16,20,1766205992.236141
14,44171,2025-12-20T04:46:32.283874+00:00,16,20,1766205992.283845
15,44197,2025-12-20T04:46:32.283991+00:00,16,20,1766205992.283980
16,44223,2025-12-20T04:46:32.284057+00:00,16,20,1766205992.284049
17,44248,2025-12-20T04:46:32.416995+00:00,16,20,1766205992.416971
18,44274,2025-12-20T04:46:32.417080+00:00,16,20,1766205992.417073
19,44300,2025-12-20T04:46:32.417119+00:00,16,20,1766205992.417114
20,44325,2025-12-20T04:46:32.461016+00:00,16,20,1766205992.460989
21,44351,2025-12-20T04:46:32.640901+00:00,16,20,1766205992.640877
22,44376,2025-12-20T04:46:32.640983+00:00,16,20,1766205992.640977
23,44402,2025-12-20T04:46:32.686012+00:00,16,20,1766205992.685983
24,44427,2025-12-20T04:46:32.686102+00:00,16,20,1766205992.686094
25,44453,2025-12-20T04:46:32.686140+00:00,16,20,1766205992.686135
26,44478,2025-12-20T04:46:32.731037+00:00,16,20,1766205992.731013
27,44504,2025-12-20T04:46:32.731115+00:00,16,20,1766205992.731107
28,44529,2025-12-20T04:46:32.775075+00:00,16,20,1766205992.775008
29,44555,2025-12-20T04:46:32.820994+00:00,16,20,1766205992.820972
30,44581,2025-12-20T04:46:32.821072+00:00,16,20,1766205992.821065
31,44606,2025-12-20T04:46:32.821127+00:00,16,20,1766205992.821105
32,44632,2025-12-20T04:46:32.866032+00:00,16,20,1766205992.866007
33,44657,2025-12-20T04:46:32.866131+00:00,16,20,1766205992.866122
34,44683,2025-12-20T04:46:32.909883+00:00,16,20,1766205992.909865
35,44709,2025-12-20T04:46:32.909940+00:00,16,20,1766205992.909935
36,44734,2025-12-20T04:46:32.956008+00:00,16,20,1766205992.955984
37,44760,2025-12-20T04:46:32.956098+00:00,16,20,1766205992.956090
38,44786,2025-12-20T04:46:32.999993+00:00,16,20,1766205992.999966
39,44811,2025-12-20T04:46:33.000092+00:00,16,20,1766205993.000083
40,44837,2025-12-20T04:46:33.046042+00:00,16,20,1766205993.046019
41,44862,2025-12-20T04:46:33.046137+00:00,16,20,1766205993.046129
42,44888,2025-12-20T04:46:33.090971+00:00,16,20,1766205993.090951
43,44914,2025-12-20T04:46:33.091039+00:00,16,20,1766205993.091034
44,44939,2025-12-20T04:46:33.136005+00:00,16,20,1766205993.135981
45,44965,2025-12-20T04:46:33.136112+00:00,16,20,1766205993.136085
46,44991,2025-12-20T04:46:33.180883+00:00,16,20,1766205993.180861
47,45016,2025-12-20T04:46:33.180966+00:00,16,20,1766205993.180959
48,45042,2025-12-20T04:46:33.226007+00:00,16,20,1766205993.225986
49,45068,2025-12-20T04:46:33.226082+00:00,16,20,1766205993.226075
50,45093,2025-12-20T04:46:33.272014+00:00,16,20,1766205993.271993
51,45119,2025-12-20T04:46:33.272092+00:00,16,20,1766205993.272086
52,45144,2025-12-20T04:46:33.317106+00:00,16,20,1766205993.317083
53,45170,2025-12-20T04:46:33.317196+00:00,16,20,1766205993.317188
54,45196,2025-12-20T04:46:33.361029+00:00,16,20,1766205993.361003
55,45221,2025-12-20T04:46:33.361130+00:00,16,20,1766205993.361122
56,45247,2025-12-20T04:46:33.405088+00:00,16,20,1766205993.405063
57,45272,2025-12-20T04:46:33.450988+00:00,16,20,1766205993.450962
58,45297,2025-12-20T04:46:33.451091+00:00,16,20,1766205993.451081
59,45323,2025-12-20T04:46:33.451132+00:00,16,20,1766205993.451127
60,45348,2025-12-20T04:46:33.496327+00:00,16,20,1766205993.496303
61,45374,2025-12-20T04:46:33.540968+00:00,16,20,1766205993.540948
62,45400,2025-12-20T04:46:33.541039+00:00,16,20,1766205993.541034
63,45425,2025-12-20T04:46:33.541071+00:00,16,20,1766205993.541067
64,45451,2025-12-20T04:46:33.585986+00:00,16,20,1766205993.585963
65,45476,2025-12-20T04:46:33.586070+00:00,16,20,1766205993.586063
66,45502,2025-12-20T04:46:33.631018+00:00,16,20,1766205993.630996
67,45528,2025-12-20T04:46:33.631099+00:00,16,20,1766205993.631092
68,45553,2025-12-20T04:46:33.674958+00:00,16,20,1766205993.674935
69,45579,2025-12-20T04:46:33.675048+00:00,16,20,1766205993.675040
70,45604,2025-12-20T04:46:33.721104+00:00,16,20,1766205993.721076
71,45630,2025-12-20T04:46:33.765999+00:00,16,20,1766205993.765970
72,45656,2025-12-20T04:46:33.810026+00:00,16,20,1766205993.809999
73,45681,2025-12-20T04:46:33.810129+00:00,16,20,1766205993.810120
74,45707,2025-12-20T04:46:33.811936+00:00,16,20,1766205993.811918
75,45733,2025-12-20T04:46:33.855992+00:00,16,20,1766205993.855963
76,45758,2025-12-20T04:46:33.856098+00:00,16,20,1766205993.856089
77,45784,2025-12-20T04:46:33.900947+00:00,16,20,1766205993.900924
78,45809,2025-12-20T04:46:33.901029+00:00,16,20,1766205993.901022
79,45835,2025-12-20T04:46:33.945923+00:00,16,20,1766205993.945900
80,45861,2025-12-20T04:46:33.946084+00:00,16,20,1766205993.946074
81,45886,2025-12-20T04:46:33.990037+00:00,16,20,1766205993.990010
82,45912,2025-12-20T04:46:34.080799+00:00,16,20,1766205994.080786
83,45938,2025-12-20T04:46:34.080838+00:00,16,20,1766205994.080836
84,45963,2025-12-20T04:46:34.080849+00:00,16,20,1766205994.080848
85,45989,2025-12-20T04:46:34.126036+00:00,16,20,1766205994.126009
86,46014,2025-12-20T04:46:34.126138+00:00,16,20,1766205994.126129
87,46040,2025-12-20T04:46:34.170931+00:00,16,20,1766205994.170907
88,46066,2025-12-20T04:46:34.171069+00:00,16,20,1766205994.171060
89,46091,2025-12-20T04:46:34.214890+00:00,16,20,1766205994.214862
90,46117,2025-12-20T04:46:34.259964+00:00,16,20,1766205994.259937
91,46142,2025-12-20T04:46:34.260065+00:00,16,20,1766205994.260055
92,46168,2025-12-20T04:46:34.262792+00:00,16,20,1766205994.262776
93,46194,2025-12-20T04:46:34.305940+00:00,16,20,1766205994.305913
94,46219,2025-12-20T04:46:34.306033+00:00,16,20,1766205994.306025
95,46245,2025-12-20T04:46:34.351106+00:00,16,20,1766205994.351082
96,46270,2025-12-20T04:46:34.395966+00:00,16,20,1766205994.395949
97,46296,2025-12-20T04:46:34.396025+00:00,16,20,1766205994.396021
98,46322,2025-12-20T04:46:34.396052+00:00,16,20,1766205994.396049
99,46347,2025-12-20T04:46:34.440971+00:00,16,20,1766205994.440947
100,46373,2025-12-20T04:46:34.484919+00:00,16,20,1766205994.484896
101,46398,2025-12-20T04:46:34.485003+00:00,16,20,1766205994.484995
102,46424,2025-12-20T04:46:34.486920+00:00,16,20,1766205994.486902
103,46450,2025-12-20T04:46:34.530944+00:00,16,20,1766205994.530918
104,46475,2025-12-20T04:46:34.531051+00:00,16,20,1766205994.531039
105,46501,2025-12-20T04:46:34.575978+00:00,16,20,1766205994.575953
106,46527,2025-12-20T04:46:34.576072+00:00,16,20,1766205994.576065
107,46552,2025-12-20T04:46:34.622013+00:00,16,20,1766205994.621986
108,46578,2025-12-20T04:46:34.622134+00:00,16,20,1766205994.622103
109,46603,2025-12-20T04:46:34.665932+00:00,16,20,1766205994.665893
110,46629,2025-12-20T04:46:34.666016+00:00,16,20,1766205994.666009
111,46654,2025-12-20T04:46:34.710113+00:00,16,20,1766205994.710086
112,46680,2025-12-20T04:46:34.756026+00:00,16,20,1766205994.755998
113,46706,2025-12-20T04:46:34.756130+00:00,16,20,1766205994.756121
114,46731,2025-12-20T04:46:34.756173+00:00,16,20,1766205994.756167
115,46757,2025-12-20T04:46:34.804025+00:00,16,20,1766205994.803998
116,46782,2025-12-20T04:46:34.846099+00:00,16,20,1766205994.846077
117,46808,2025-12-20T04:46:34.846179+00:00,16,20,1766205994.846171
118,46833,2025-12-20T04:46:34.890995+00:00,16,20,1766205994.890969
119,46859,2025-12-20T04:46:34.891094+00:00,16,20,1766205994.891083
120,46885,2025-12-20T04:46:34.935056+00:00,16,20,1766205994.935026
121,46910,2025-12-20T04:46:34.935167+00:00,16,20,1766205994.935154
122,46936,2025-12-20T04:46:34.981308+00:00,16,20,1766205994.981283
123,46961,2025-12-20T04:46:34.981406+00:00,16,20,1766205994.981397
124,46987,2025-12-20T04:46:35.025948+00:00,16,20,1766205995.025924
125,47012,2025-12-20T04:46:35.069980+00:00,16,20,1766205995.069954
126,47038,2025-12-20T04:46:35.117075+00:00,16,20,1766205995.117048
127,47064,2025-12-20T04:46:35.117178+00:00,16,20,1766205995.117169
128,47089,2025-12-20T04:46:35.117220+00:00,16,20,1766205995.117215
129,47115,2025-12-20T04:46:35.206051+00:00,16,20,1766205995.206022
130,47141,2025-12-20T04:46:35.206161+00:00,16,20,1766205995.206152
131,47166,2025-12-20T04:46:35.206205+00:00,16,20,1766205995.206200
132,47192,2025-12-20T04:46:35.251017+00:00,16,20,1766205995.250992
133,47218,2025-12-20T04:46:35.251129+00:00,16,20,1766205995.251100
134,47243,2025-12-20T04:46:35.295993+00:00,16,20,1766205995.295971
135,47269,2025-12-20T04:46:35.296081+00:00,16,20,1766205995.296073
136,47294,2025-12-20T04:46:35.386038+00:00,16,20,1766205995.386010
137,47320,2025-12-20T04:46:35.386147+00:00,16,20,1766205995.386135
138,47345,2025-12-20T04:46:35.386198+00:00,16,20,1766205995.386192
139,47371,2025-12-20T04:46:35.430931+00:00,16,20,1766205995.430909
140,47397,2025-12-20T04:46:35.431111+00:00,16,20,1766205995.431008
141,47422,2025-12-20T04:46:35.519999+00:00,16,20,1766205995.519973
142,47448,2025-12-20T04:46:35.521964+00:00,16,20,1766205995.521944
143,47473,2025-12-20T04:46:35.565952+00:00,16,20,1766205995.565929
144,47499,2025-12-20T04:46:35.566042+00:00,16,20,1766205995.566033
145,47524,2025-12-20T04:46:35.566082+00:00,16,20,1766205995.566077
146,47550,2025-12-20T04:46:35.610029+00:00,16,20,1766205995.610003
147,47576,2025-12-20T04:46:35.610134+00:00,16,20,1766205995.610125
148,47601,2025-12-20T04:46:35.655891+00:00,16,20,1766205995.655868
149,47627,2025-12-20T04:46:35.655972+00:00,16,20,1766205995.655964
150,47652,2025-12-20T04:46:35.701052+00:00,16,20,1766205995.701025
151,47678,2025-12-20T04:46:35.701155+00:00,16,20,1766205995.701145
152,47704,2025-12-20T04:46:35.744992+00:00,16,20,1766205995.744965
153,47729,2025-12-20T04:46:35.745097+00:00,16,20,1766205995.745087
154,47755,2025-12-20T04:46:35.835009+00:00,16,20,1766205995.834983
155,47781,2025-12-20T04:46:35.835118+00:00,16,20,1766205995.835107
156,47806,2025-12-20T04:46:35.836945+00:00,16,20,1766205995.836927
157,47832,2025-12-20T04:46:35.880010+00:00,16,20,1766205995.879988
158,47857,2025-12-20T04:46:35.880084+00:00,16,20,1766205995.880078
159,47883,2025-12-20T04:46:35.926032+00:00,16,20,1766205995.926007
160,47909,2025-12-20T04:46:35.926129+00:00,16,20,1766205995.926120
161,47934,2025-12-20T04:46:36.015899+00:00,16,20,1766205996.015881
162,47960,2025-12-20T04:46:36.015956+00:00,16,20,1766205996.015952
163,47985,2025-12-20T04:46:36.015981+00:00,16,20,1766205996.015978
164,48011,2025-12-20T04:46:36.059953+00:00,16,20,1766205996.059933
165,48037,2025-12-20T04:46:36.060028+00:00,16,20,1766205996.060020
166,48062,2025-12-20T04:46:36.105908+00:00,16,20,1766205996.105886
167,48088,2025-12-20T04:46:36.105984+00:00,16,20,1766205996.105977
168,48113,2025-12-20T04:46:36.150872+00:00,16,20,1766205996.150851
169,48139,2025-12-20T04:46:36.196001+00:00,16,20,1766205996.195978
170,48164,2025-12-20T04:46:36.196078+00:00,16,20,1766205996.196072
171,48190,2025-12-20T04:46:36.241012+00:00,16,20,1766205996.240987
172,48215,2025-12-20T04:46:36.241097+00:00,16,20,1766205996.241091
173,48241,2025-12-20T04:46:36.285948+00:00,16,20,1766205996.285909
174,48267,2025-12-20T04:46:36.286032+00:00,16,20,1766205996.286026
175,48292,2025-12-20T04:46:36.330910+00:00,16,20,1766205996.330888
176,48318,2025-12-20T04:46:36.376005+00:00,16,20,1766205996.375978
177,48343,2025-12-20T04:46:36.376115+00:00,16,20,1766205996.376104
178,48369,2025-12-20T04:46:36.420992+00:00,16,20,1766205996.420965
179,48394,2025-12-20T04:46:36.421102+00:00,16,20,1766205996.421091
180,48420,2025-12-20T04:46:36.465992+00:00,16,20,1766205996.465966
181,48446,2025-12-20T04:46:36.510949+00:00,16,20,1766205996.510924
182,48471,2025-12-20T04:46:36.511038+00:00,16,20,1766205996.511031
183,48497,2025-12-20T04:46:36.511079+00:00,16,20,1766205996.511074
184,48522,2025-12-20T04:46:36.599987+00:00,16,20,1766205996.599960
185,48548,2025-12-20T04:46:36.600093+00:00,16,20,1766205996.600082
186,48574,2025-12-20T04:46:36.602902+00:00,16,20,1766205996.602884
187,48599,2025-12-20T04:46:36.644948+00:00,16,20,1766205996.644925
188,48625,2025-12-20T04:46:36.645030+00:00,16,20,1766205996.645023
189,48650,2025-12-20T04:46:36.690023+00:00,16,20,1766205996.689991
190,48676,2025-12-20T04:46:36.690121+00:00,16,20,1766205996.690113
191,48702,2025-12-20T04:46:36.779970+00:00,16,20,1766205996.779943
192,48727,2025-12-20T04:46:36.780071+00:00,16,20,1766205996.780061
193,48753,2025-12-20T04:46:36.781823+00:00,16,20,1766205996.781805
194,48778,2025-12-20T04:46:36.825930+00:00,16,20,1766205996.825908
195,48804,2025-12-20T04:46:36.870861+00:00,16,20,1766205996.870838
196,48829,2025-12-20T04:46:36.870939+00:00,16,20,1766205996.870932
197,48855,2025-12-20T04:46:36.870978+00:00,16,20,1766205996.870973
198,48881,2025-12-20T04:46:36.916949+00:00,16,20,1766205996.916929
199,48906,2025-12-20T04:46:36.960930+00:00,16,20,1766205996.960908
200,48932,2025-12-20T04:46:36.961014+00:00,16,20,1766205996.961005
201,48958,2025-12-20T04:46:37.004932+00:00,16,20,1766205997.004904
202,48984,2025-12-20T04:46:37.005040+00:00,16,20,1766205997.005029
203,49009,2025-12-20T04:46:37.049928+00:00,16,20,1766205997.049911
204,49035,2025-12-20T04:46:37.049985+00:00,16,20,1766205997.049982
205,49061,2025-12-20T04:46:37.095906+00:00,16,20,1766205997.095884
206,49086,2025-12-20T04:46:37.140928+00:00,16,20,1766205997.140901
207,49112,2025-12-20T04:46:37.141035+00:00,16,20,1766205997.141025
208,49137,2025-12-20T04:46:37.185985+00:00,16,20,1766205997.185957
209,49163,2025-12-20T04:46:37.186085+00:00,16,20,1766205997.186075
210,49188,2025-12-20T04:46:37.229986+00:00,16,20,1766205997.229945
211,49214,2025-12-20T04:46:37.230072+00:00,16,20,1766205997.230064
212,49240,2025-12-20T04:46:37.275937+00:00,16,20,1766205997.275910
213,49265,2025-12-20T04:46:37.323913+00:00,16,20,1766205997.323887
214,49291,2025-12-20T04:46:37.323999+00:00,16,20,1766205997.323992
215,49316,2025-12-20T04:46:37.365865+00:00,16,20,1766205997.365849
216,49342,2025-12-20T04:46:37.365938+00:00,16,20,1766205997.365930
217,49368,2025-12-20T04:46:37.409967+00:00,16,20,1766205997.409944
218,49393,2025-12-20T04:46:37.410058+00:00,16,20,1766205997.410050
219,49419,2025-12-20T04:46:37.455972+00:00,16,20,1766205997.455944
220,49444,2025-12-20T04:46:37.500952+00:00,16,20,1766205997.500930
221,49470,2025-12-20T04:46:37.501034+00:00,16,20,1766205997.501026
222,49496,2025-12-20T04:46:37.545045+00:00,16,20,1766205997.545022
223,49521,2025-12-20T04:46:37.589908+00:00,16,20,1766205997.589886
224,49547,2025-12-20T04:46:37.589993+00:00,16,20,1766205997.589987
225,49572,2025-12-20T04:46:37.591908+00:00,16,20,1766205997.591892
226,49598,2025-12-20T04:46:37.680895+00:00,16,20,1766205997.680873
227,49624,2025-12-20T04:46:37.680976+00:00,16,20,1766205997.680969
228,49649,2025-12-20T04:46:37.681015+00:00,16,20,1766205997.681010
229,49675,2025-12-20T04:46:37.724930+00:00,16,20,1766205997.724907
230,49700,2025-12-20T04:46:37.725018+00:00,16,20,1766205997.725010
231,49726,2025-12-20T04:46:37.769906+00:00,16,20,1766205997.769886
232,49752,2025-12-20T04:46:37.769981+00:00,16,20,1766205997.769974
233,49777,2025-12-20T04:46:37.815887+00:00,16,20,1766205997.815865
234,49803,2025-12-20T04:46:37.859996+00:00,16,20,1766205997.859970
235,49829,2025-12-20T04:46:37.860116+00:00,16,20,1766205997.860088
236,49854,2025-12-20T04:46:37.904934+00:00,16,20,1766205997.904909
237,49880,2025-12-20T04:46:37.905044+00:00,16,20,1766205997.905018
238,49905,2025-12-20T04:46:37.949898+00:00,16,20,1766205997.949875
239,49931,2025-12-20T04:46:37.949986+00:00,16,20,1766205997.949977
240,49956,2025-12-20T04:46:37.995972+00:00,16,20,1766205997.995951
241,49982,2025-12-20T04:46:38.039965+00:00,16,20,1766205998.039938
242,50008,2025-12-20T04:46:38.040055+00:00,16,20,1766205998.040048
243,50033,2025-12-20T04:46:38.084920+00:00,16,20,1766205998.084894
244,50059,2025-12-20T04:46:38.085005+00:00,16,20,1766205998.084998
245,50085,2025-12-20T04:46:38.130044+00:00,16,20,1766205998.130023
246,50110,2025-12-20T04:46:38.174893+00:00,16,20,1766205998.174872
247,50136,2025-12-20T04:46:38.174975+00:00,16,20,1766205998.174966
248,50161,2025-12-20T04:46:38.176849+00:00,16,20,1766205998.176841
249,50187,2025-12-20T04:46:38.220966+00:00,16,20,1766205998.220942
250,50212,2025-12-20T04:46:38.266908+00:00,16,20,1766205998.266883
251,50238,2025-12-20T04:46:38.266993+00:00,16,20,1766205998.266986
252,50263,2025-12-20T04:46:38.311027+00:00,16,20,1766205998.311004
253,50289,2025-12-20T04:46:38.311111+00:00,16,20,1766205998.311104
254,50315,2025-12-20T04:46:38.354941+00:00,16,20,1766205998.354917
255,50340,2025-12-20T04:46:38.355026+00:00,16,20,1766205998.355019
256,50366,2025-12-20T04:46:38.400882+00:00,16,20,1766205998.400860
257,50392,2025-12-20T04:46:38.445979+00:00,16,20,1766205998.445955
258,50417,2025-12-20T04:46:38.446061+00:00,16,20,1766205998.446053
259,50443,2025-12-20T04:46:38.490937+00:00,16,20,1766205998.490916
260,50468,2025-12-20T04:46:38.491014+00:00,16,20,1766205998.491007
261,50494,2025-12-20T04:46:38.535924+00:00,16,20,1766205998.535902
262,50520,2025-12-20T04:46:38.536007+00:00,16,20,1766205998.536000
263,50545,2025-12-20T04:46:38.580897+00:00,16,20,1766205998.580877
264,50571,2025-12-20T04:46:38.625970+00:00,16,20,1766205998.625947
265,50596,2025-12-20T04:46:38.626052+00:00,16,20,1766205998.626045
266,50622,2025-12-20T04:46:38.669980+00:00,16,20,1766205998.669954
267,50648,2025-12-20T04:46:38.670068+00:00,16,20,1766205998.670061
268,50673,2025-12-20T04:46:38.716746+00:00,16,20,1766205998.716726
269,50699,2025-12-20T04:46:38.716828+00:00,16,20,1766205998.716821
270,50725,2025-12-20T04:46:38.760922+00:00,16,20,1766205998.760895
271,50750,2025-12-20T04:46:38.806016+00:00,16,20,1766205998.805994
272,50776,2025-12-20T04:46:38.806097+00:00,16,20,1766205998.806090
273,50801,2025-12-20T04:46:38.894959+00:00,16,20,1766205998.894933
274,50827,2025-12-20T04:46:38.895046+00:00,16,20,1766205998.895039
275,50853,2025-12-20T04:46:38.896886+00:00,16,20,1766205998.896869
276,50878,2025-12-20T04:46:38.939876+00:00,16,20,1766205998.939864
277,50904,2025-12-20T04:46:38.939918+00:00,16,20,1766205998.939915
278,50929,2025-12-20T04:46:38.984894+00:00,16,20,1766205998.984874
279,50955,2025-12-20T04:46:38.984974+00:00,16,20,1766205998.984967
280,50981,2025-12-20T04:46:39.030962+00:00,16,20,1766205999.030938
281,51006,2025-12-20T04:46:39.031046+00:00,16,20,1766205999.031039
282,51032,2025-12-20T04:46:39.074979+00:00,16,20,1766205999.074951
283,51057,2025-12-20T04:46:39.075071+00:00,16,20,1766205999.075064
284,51083,2025-12-20T04:46:39.120958+00:00,16,20,1766205999.120936
285,51109,2025-12-20T04:46:39.165986+00:00,16,20,1766205999.165945
286,51134,2025-12-20T04:46:39.166090+00:00,16,20,1766205999.166066
287,51160,2025-12-20T04:46:39.209980+00:00,16,20,1766205999.209957
288,51185,2025-12-20T04:46:39.210067+00:00,16,20,1766205999.210061
289,51211,2025-12-20T04:46:39.255962+00:00,16,20,1766205999.255938
290,51236,2025-12-20T04:46:39.256047+00:00,16,20,1766205999.256040
291,51262,2025-12-20T04:46:39.300955+00:00,16,20,1766205999.300934
292,51287,2025-12-20T04:46:39.345928+00:00,16,20,1766205999.345904
293,51313,2025-12-20T04:46:39.346014+00:00,16,20,1766205999.346007
294,51339,2025-12-20T04:46:39.389916+00:00,16,20,1766205999.389896
295,51364,2025-12-20T04:46:39.389992+00:00,16,20,1766205999.389985
296,51390,2025-12-20T04:46:39.434970+00:00,16,20,1766205999.434947
297,51416,2025-12-20T04:46:39.435053+00:00,16,20,1766205999.435047
298,51441,2025-12-20T04:46:39.479988+00:00,16,20,1766205999.479963
299,51467,2025-12-20T04:46:39.480075+00:00,16,20,1766205999.480068
300,51492,2025-12-20T04:46:39.525953+00:00,16,20,1766205999.525932
301,51518,2025-12-20T04:46:39.569976+00:00,16,20,1766205999.569951
302,51543,2025-12-20T04:46:39.570059+00:00,16,20,1766205999.570052
303,51569,2025-12-20T04:46:39.659938+00:00,16,20,1766205999.659914
304,51595,2025-12-20T04:46:39.660024+00:00,16,20,1766205999.660018
305,51620,2025-12-20T04:46:39.661890+00:00,16,20,1766205999.661875
306,51646,2025-12-20T04:46:39.705894+00:00,16,20,1766205999.705873
307,51671,2025-12-20T04:46:39.705970+00:00,16,20,1766205999.705964
308,51697,2025-12-20T04:46:39.749945+00:00,16,20,1766205999.749922
309,51722,2025-12-20T04:46:39.750031+00:00,16,20,1766205999.750024
310,51748,2025-12-20T04:46:39.794920+00:00,16,20,1766205999.794899
311,51774,2025-12-20T04:46:39.794997+00:00,16,20,1766205999.794991
312,51799,2025-12-20T04:46:39.844039+00:00,16,20,1766205999.843993
313,51825,2025-12-20T04:46:39.844129+00:00,16,20,1766205999.844121
314,51850,2025-12-20T04:46:39.930930+00:00,16,20,1766205999.930905
315,51876,2025-12-20T04:46:39.931015+00:00,16,20,1766205999.931008
316,51902,2025-12-20T04:46:39.931053+00:00,16,20,1766205999.931048
317,51927,2025-12-20T04:46:39.974940+00:00,16,20,1766205999.974913
318,51953,2025-12-20T04:46:39.975033+00:00,16,20,1766205999.975027
319,51978,2025-12-20T04:46:40.019974+00:00,16,20,1766206000.019950
320,52004,2025-12-20T04:46:40.020061+00:00,16,20,1766206000.020054
321,52030,2025-12-20T04:46:40.066945+00:00,16,20,1766206000.066923
322,52056,2025-12-20T04:46:40.109943+00:00,16,20,1766206000.109921
323,52081,2025-12-20T04:46:40.110032+00:00,16,20,1766206000.110024
324,52107,2025-12-20T04:46:40.154917+00:00,16,20,1766206000.154891
325,52133,2025-12-20T04:46:40.155023+00:00,16,20,1766206000.155016
326,52158,2025-12-20T04:46:40.199845+00:00,16,20,1766206000.199826
327,52184,2025-12-20T04:46:40.199920+00:00,16,20,1766206000.199914
328,52209,2025-12-20T04:46:40.245923+00:00,16,20,1766206000.245870
329,52235,2025-12-20T04:46:40.290974+00:00,16,20,1766206000.290949
330,52260,2025-12-20T04:46:40.291059+00:00,16,20,1766206000.291052
331,52285,2025-12-20T04:46:40.334855+00:00,16,20,1766206000.334834
332,52311,2025-12-20T04:46:40.334931+00:00,16,20,1766206000.334924
333,52337,2025-12-20T04:46:40.380904+00:00,16,20,1766206000.380880
334,52362,2025-12-20T04:46:40.381014+00:00,16,20,1766206000.381005
335,52388,2025-12-20T04:46:40.425979+00:00,16,20,1766206000.425955
336,52414,2025-12-20T04:46:40.470963+00:00,16,20,1766206000.470937
337,52439,2025-12-20T04:46:40.471083+00:00,16,20,1766206000.471053
338,52465,2025-12-20T04:46:40.515892+00:00,16,20,1766206000.515872
339,52490,2025-12-20T04:46:40.515971+00:00,16,20,1766206000.515964
340,52516,2025-12-20T04:46:40.560909+00:00,16,20,1766206000.560883
341,52542,2025-12-20T04:46:40.561004+00:00,16,20,1766206000.560996
342,52567,2025-12-20T04:46:40.605916+00:00,16,20,1766206000.605895
343,52593,2025-12-20T04:46:40.651952+00:00,16,20,1766206000.651928
344,52618,2025-12-20T04:46:40.652036+00:00,16,20,1766206000.652029
345,52644,2025-12-20T04:46:40.740989+00:00,16,20,1766206000.740964
346,52670,2025-12-20T04:46:40.741081+00:00,16,20,1766206000.741074
347,52695,2025-12-20T04:46:40.741122+00:00,16,20,1766206000.741117
348,52721,2025-12-20T04:46:40.785901+00:00,16,20,1766206000.785878
349,52747,2025-12-20T04:46:40.785985+00:00,16,20,1766206000.785977
350,52772,2025-12-20T04:46:40.829980+00:00,16,20,1766206000.829957
351,52798,2025-12-20T04:46:40.830065+00:00,16,20,1766206000.830058
352,52823,2025-12-20T04:46:40.921013+00:00,16,20,1766206000.920991
353,52849,2025-12-20T04:46:40.965970+00:00,16,20,1766206000.965944
354,52875,2025-12-20T04:46:40.966075+00:00,16,20,1766206000.966065
355,52901,2025-12-20T04:46:41.010862+00:00,16,20,1766206001.010837
356,52926,2025-12-20T04:46:41.010953+00:00,16,20,1766206001.010944
357,52952,2025-12-20T04:46:41.055949+00:00,16,20,1766206001.055927
358,52978,2025-12-20T04:46:41.056031+00:00,16,20,1766206001.056025
359,53003,2025-12-20T04:46:41.101977+00:00,16,20,1766206001.101959
360,53029,2025-12-20T04:46:41.102046+00:00,16,20,1766206001.102041
361,53054,2025-12-20T04:46:41.145030+00:00,16,20,1766206001.145006
362,53080,2025-12-20T04:46:41.145132+00:00,16,20,1766206001.145123
363,53105,2025-12-20T04:46:41.190976+00:00,16,20,1766206001.190950
364,53131,2025-12-20T04:46:41.191074+00:00,16,20,1766206001.191065
365,53157,2025-12-20T04:46:41.235978+00:00,16,20,1766206001.235960
366,53182,2025-12-20T04:46:41.236050+00:00,16,20,1766206001.236044
367,53208,2025-12-20T04:46:41.281002+00:00,16,20,1766206001.280978
368,53234,2025-12-20T04:46:41.281095+00:00,16,20,1766206001.281087
369,53259,2025-12-20T04:46:41.325997+00:00,16,20,1766206001.325976
370,53285,2025-12-20T04:46:41.326074+00:00,16,20,1766206001.326067
371,53310,2025-12-20T04:46:41.371031+00:00,16,20,1766206001.370985
372,53336,2025-12-20T04:46:41.371127+00:00,16,20,1766206001.371120
373,53362,2025-12-20T04:46:41.415912+00:00,16,20,1766206001.415890
374,53387,2025-12-20T04:46:41.415987+00:00,16,20,1766206001.415981
375,53413,2025-12-20T04:46:41.460056+00:00,16,20,1766206001.460030
376,53439,2025-12-20T04:46:41.504991+00:00,16,20,1766206001.504967
377,53464,2025-12-20T04:46:41.505088+00:00,16,20,1766206001.505080
378,53490,2025-12-20T04:46:41.506934+00:00,16,20,1766206001.506919
379,53515,2025-12-20T04:46:41.550887+00:00,16,20,1766206001.550869
380,53541,2025-12-20T04:46:41.595980+00:00,16,20,1766206001.595955
381,53567,2025-12-20T04:46:41.596083+00:00,16,20,1766206001.596073
382,53592,2025-12-20T04:46:41.640942+00:00,16,20,1766206001.640918
383,53618,2025-12-20T04:46:41.641037+00:00,16,20,1766206001.641029
384,53644,2025-12-20T04:46:41.686004+00:00,16,20,1766206001.685980
385,53669,2025-12-20T04:46:41.686097+00:00,16,20,1766206001.686090
386,53695,2025-12-20T04:46:41.731019+00:00,16,20,1766206001.730998
387,53720,2025-12-20T04:46:41.775989+00:00,16,20,1766206001.775964
388,53746,2025-12-20T04:46:41.776109+00:00,16,20,1766206001.776081
389,53772,2025-12-20T04:46:41.820884+00:00,16,20,1766206001.820863
390,53797,2025-12-20T04:46:41.865913+00:00,16,20,1766206001.865890
391,53823,2025-12-20T04:46:41.866000+00:00,16,20,1766206001.865993
392,53848,2025-12-20T04:46:41.866039+00:00,16,20,1766206001.866035
393,53874,2025-12-20T04:46:41.955984+00:00,16,20,1766206001.955955
394,53900,2025-12-20T04:46:41.956079+00:00,16,20,1766206001.956071
395,53925,2025-12-20T04:46:41.956119+00:00,16,20,1766206001.956115
396,53951,2025-12-20T04:46:42.000985+00:00,16,20,1766206002.000963
397,53977,2025-12-20T04:46:42.001069+00:00,16,20,1766206002.001062
398,54002,2025-12-20T04:46:42.044993+00:00,16,20,1766206002.044971
399,54028,2025-12-20T04:46:42.045077+00:00,16,20,1766206002.045070
400,54053,2025-12-20T04:46:42.090975+00:00,16,20,1766206002.090954
401,54079,2025-12-20T04:46:42.135974+00:00,16,20,1766206002.135950
402,54105,2025-12-20T04:46:42.136117+00:00,16,20,1766206002.136106
403,54130,2025-12-20T04:46:42.181145+00:00,16,20,1766206002.181119
404,54156,2025-12-20T04:46:42.224970+00:00,16,20,1766206002.224948
405,54181,2025-12-20T04:46:42.225057+00:00,16,20,1766206002.225049
406,54207,2025-12-20T04:46:42.226887+00:00,16,20,1766206002.226870
407,54232,2025-12-20T04:46:42.271021+00:00,16,20,1766206002.270994
408,54258,2025-12-20T04:46:42.316030+00:00,16,20,1766206002.316004
409,54283,2025-12-20T04:46:42.316134+00:00,16,20,1766206002.316125
410,54309,2025-12-20T04:46:42.364025+00:00,16,20,1766206002.364000
411,54334,2025-12-20T04:46:42.364119+00:00,16,20,1766206002.364110
412,54360,2025-12-20T04:46:42.406024+00:00,16,20,1766206002.406000
413,54386,2025-12-20T04:46:42.406147+00:00,16,20,1766206002.406119
414,54411,2025-12-20T04:46:42.450019+00:00,16,20,1766206002.449994
415,54437,2025-12-20T04:46:42.450111+00:00,16,20,1766206002.450103
416,54462,2025-12-20T04:46:42.496266+00:00,16,20,1766206002.496241
417,54488,2025-12-20T04:46:42.540997+00:00,16,20,1766206002.540972
418,54513,2025-12-20T04:46:42.541095+00:00,16,20,1766206002.541086
419,54539,2025-12-20T04:46:42.585897+00:00,16,20,1766206002.585877
420,54565,2025-12-20T04:46:42.586001+00:00,16,20,1766206002.585994
421,54590,2025-12-20T04:46:42.630028+00:00,16,20,1766206002.630007
422,54616,2025-12-20T04:46:42.630112+00:00,16,20,1766206002.630105
423,54641,2025-12-20T04:46:42.676047+00:00,16,20,1766206002.676021
424,54667,2025-12-20T04:46:42.721009+00:00,16,20,1766206002.720982
425,54693,2025-12-20T04:46:42.721117+00:00,16,20,1766206002.721108
426,54718,2025-12-20T04:46:42.765044+00:00,16,20,1766206002.764878
427,54744,2025-12-20T04:46:42.765156+00:00,16,20,1766206002.765147
428,54770,2025-12-20T04:46:42.810975+00:00,16,20,1766206002.810951
429,54795,2025-12-20T04:46:42.811064+00:00,16,20,1766206002.811057
430,54821,2025-12-20T04:46:42.855891+00:00,16,20,1766206002.855870
431,54846,2025-12-20T04:46:42.899985+00:00,16,20,1766206002.899963
432,54872,2025-12-20T04:46:42.900069+00:00,16,20,1766206002.900062
433,54898,2025-12-20T04:46:42.944891+00:00,16,20,1766206002.944869
434,54923,2025-12-20T04:46:42.944970+00:00,16,20,1766206002.944964
435,54949,2025-12-20T04:46:42.989949+00:00,16,20,1766206002.989923
436,54975,2025-12-20T04:46:42.990028+00:00,16,20,1766206002.990022
437,55000,2025-12-20T04:46:43.035917+00:00,16,20,1766206003.035895
438,55026,2025-12-20T04:46:43.079966+00:00,16,20,1766206003.079945
439,55051,2025-12-20T04:46:43.080060+00:00,16,20,1766206003.080036
440,55077,2025-12-20T04:46:43.125051+00:00,16,20,1766206003.125025
441,55103,2025-12-20T04:46:43.125159+00:00,16,20,1766206003.125149
442,55128,2025-12-20T04:46:43.169949+00:00,16,20,1766206003.169926
443,55154,2025-12-20T04:46:43.170038+00:00,16,20,1766206003.170030
444,55179,2025-12-20T04:46:43.215914+00:00,16,20,1766206003.215891
445,55205,2025-12-20T04:46:43.260012+00:00,16,20,1766206003.259989
446,55231,2025-12-20T04:46:43.260102+00:00,16,20,1766206003.260095
447,55256,2025-12-20T04:46:43.305984+00:00,16,20,1766206003.305961
448,55282,2025-12-20T04:46:43.306063+00:00,16,20,1766206003.306057
449,55307,2025-12-20T04:46:43.349967+00:00,16,20,1766206003.349941
450,55333,2025-12-20T04:46:43.350063+00:00,16,20,1766206003.350055
451,55358,2025-12-20T04:46:43.396050+00:00,16,20,1766206003.396024
452,55384,2025-12-20T04:46:43.440991+00:00,16,20,1766206003.440969
453,55409,2025-12-20T04:46:43.441072+00:00,16,20,1766206003.441064
454,55435,2025-12-20T04:46:43.484912+00:00,16,20,1766206003.484885
455,55460,2025-12-20T04:46:43.485031+00:00,16,20,1766206003.485000
456,55486,2025-12-20T04:46:43.529984+00:00,16,20,1766206003.529962
457,55512,2025-12-20T04:46:43.530071+00:00,16,20,1766206003.530064
458,55537,2025-12-20T04:46:43.574979+00:00,16,20,1766206003.574955
459,55563,2025-12-20T04:46:43.619949+00:00,16,20,1766206003.619929
460,55588,2025-12-20T04:46:43.620017+00:00,16,20,1766206003.620012
461,55614,2025-12-20T04:46:43.666022+00:00,16,20,1766206003.665998
462,55640,2025-12-20T04:46:43.666122+00:00,16,20,1766206003.666114
463,55665,2025-12-20T04:46:43.710024+00:00,16,20,1766206003.710000
464,55691,2025-12-20T04:46:43.710119+00:00,16,20,1766206003.710111
465,55716,2025-12-20T04:46:43.799992+00:00,16,20,1766206003.799967
466,55742,2025-12-20T04:46:43.800087+00:00,16,20,1766206003.800080
467,55767,2025-12-20T04:46:43.844990+00:00,16,20,1766206003.844969
468,55793,2025-12-20T04:46:43.890976+00:00,16,20,1766206003.890950
469,55819,2025-12-20T04:46:43.891065+00:00,16,20,1766206003.891058
470,55844,2025-12-20T04:46:43.891104+00:00,16,20,1766206003.891099
471,55870,2025-12-20T04:46:43.934918+00:00,16,20,1766206003.934896
472,55895,2025-12-20T04:46:43.935002+00:00,16,20,1766206003.934996
473,55921,2025-12-20T04:46:43.979913+00:00,16,20,1766206003.979891
474,55947,2025-12-20T04:46:43.979995+00:00,16,20,1766206003.979989
475,55972,2025-12-20T04:46:44.024984+00:00,16,20,1766206004.024959
476,55998,2025-12-20T04:46:44.025070+00:00,16,20,1766206004.025063
477,56023,2025-12-20T04:46:44.069878+00:00,16,20,1766206004.069861
478,56049,2025-12-20T04:46:44.069939+00:00,16,20,1766206004.069935
479,56075,2025-12-20T04:46:44.114975+00:00,16,20,1766206004.114952
480,56100,2025-12-20T04:46:44.115059+00:00,16,20,1766206004.115052
481,56126,2025-12-20T04:46:44.160931+00:00,16,20,1766206004.160910
482,56151,2025-12-20T04:46:44.204922+00:00,16,20,1766206004.204898
483,56177,2025-12-20T04:46:44.205012+00:00,16,20,1766206004.205005
484,56202,2025-12-20T04:46:44.249949+00:00,16,20,1766206004.249927
485,56228,2025-12-20T04:46:44.250027+00:00,16,20,1766206004.250020
486,56253,2025-12-20T04:46:44.295010+00:00,16,20,1766206004.294985
487,56279,2025-12-20T04:46:44.295104+00:00,16,20,1766206004.295097
488,56304,2025-12-20T04:46:44.340967+00:00,16,20,1766206004.340941
489,56330,2025-12-20T04:46:44.384960+00:00,16,20,1766206004.384938
490,56356,2025-12-20T04:46:44.385092+00:00,16,20,1766206004.385036
491,56381,2025-12-20T04:46:44.429923+00:00,16,20,1766206004.429901
492,56407,2025-12-20T04:46:44.430004+00:00,16,20,1766206004.429996
493,56432,2025-12-20T04:46:44.474956+00:00,16,20,1766206004.474930
494,56458,2025-12-20T04:46:44.475043+00:00,16,20,1766206004.475036
495,56484,2025-12-20T04:46:44.520953+00:00,16,20,1766206004.520930
496,56509,2025-12-20T04:46:44.564961+00:00,16,20,1766206004.564939
497,56535,2025-12-20T04:46:44.565042+00:00,16,20,1766206004.565034
498,56560,2025-12-20T04:46:44.609953+00:00,16,20,1766206004.609908
499,56586,2025-12-20T04:46:44.654940+00:00,16,20,1766206004.654921
500,56611,2025-12-20T04:46:44.655008+00:00,16,20,1766206004.655002
501,56637,2025-12-20T04:46:44.656870+00:00,16,20,1766206004.656854
502,56663,2025-12-20T04:46:44.700902+00:00,16,20,1766206004.700883
503,56688,2025-12-20T04:46:44.745042+00:00,16,20,1766206004.745012
504,56714,2025-12-20T04:46:44.745177+00:00,16,20,1766206004.745167
505,56739,2025-12-20T04:46:44.790012+00:00,16,20,1766206004.789987
506,56765,2025-12-20T04:46:44.835006+00:00,16,20,1766206004.834981
507,56790,2025-12-20T04:46:44.835095+00:00,16,20,1766206004.835088
508,56816,2025-12-20T04:46:44.836910+00:00,16,20,1766206004.836895
509,56842,2025-12-20T04:46:44.883008+00:00,16,20,1766206004.882986
510,56867,2025-12-20T04:46:44.926024+00:00,16,20,1766206004.926001
511,56893,2025-12-20T04:46:44.926119+00:00,16,20,1766206004.926111
512,56918,2025-12-20T04:46:44.970001+00:00,16,20,1766206004.969979
513,56944,2025-12-20T04:46:44.970087+00:00,16,20,1766206004.970080
514,56970,2025-12-20T04:46:45.015969+00:00,16,20,1766206005.015944
515,56995,2025-12-20T04:46:45.016071+00:00,16,20,1766206005.016061
516,57021,2025-12-20T04:46:45.059971+00:00,16,20,1766206005.059947
517,57047,2025-12-20T04:46:45.060067+00:00,16,20,1766206005.060058
518,57072,2025-12-20T04:46:45.105917+00:00,16,20,1766206005.105897
519,57098,2025-12-20T04:46:45.150959+00:00,16,20,1766206005.150934
520,57123,2025-12-20T04:46:45.151056+00:00,16,20,1766206005.151048
521,57149,2025-12-20T04:46:45.196022+00:00,16,20,1766206005.195997
522,57174,2025-12-20T04:46:45.196117+00:00,16,20,1766206005.196109
523,57200,2025-12-20T04:46:45.240004+00:00,16,20,1766206005.239980
524,57226,2025-12-20T04:46:45.240107+00:00,16,20,1766206005.240098
525,57251,2025-12-20T04:46:45.286022+00:00,16,20,1766206005.285998
526,57277,2025-12-20T04:46:45.330001+00:00,16,20,1766206005.329981
527,57302,2025-12-20T04:46:45.330079+00:00,16,20,1766206005.330072
528,57328,2025-12-20T04:46:45.375033+00:00,16,20,1766206005.375010
529,57354,2025-12-20T04:46:45.375126+00:00,16,20,1766206005.375118
530,57379,2025-12-20T04:46:45.419993+00:00,16,20,1766206005.419971
531,57405,2025-12-20T04:46:45.420074+00:00,16,20,1766206005.420067
532,57431,2025-12-20T04:46:45.465924+00:00,16,20,1766206005.465904
533,57456,2025-12-20T04:46:45.510018+00:00,16,20,1766206005.509994
534,57482,2025-12-20T04:46:45.510113+00:00,16,20,1766206005.510105
535,57508,2025-12-20T04:46:45.556019+00:00,16,20,1766206005.555993
536,57533,2025-12-20T04:46:45.556126+00:00,16,20,1766206005.556117
537,57559,2025-12-20T04:46:45.600005+00:00,16,20,1766206005.599979
538,57585,2025-12-20T04:46:45.600102+00:00,16,20,1766206005.600094
539,57610,2025-12-20T04:46:45.646029+00:00,16,20,1766206005.646003
540,57636,2025-12-20T04:46:45.690048+00:00,16,20,1766206005.690023
541,57662,2025-12-20T04:46:45.690168+00:00,16,20,1766206005.690136
542,57687,2025-12-20T04:46:45.734951+00:00,16,20,1766206005.734929
543,57713,2025-12-20T04:46:45.735040+00:00,16,20,1766206005.735032
544,57739,2025-12-20T04:46:45.779900+00:00,16,20,1766206005.779880
545,57764,2025-12-20T04:46:45.779979+00:00,16,20,1766206005.779972
546,57790,2025-12-20T04:46:45.825964+00:00,16,20,1766206005.825939
547,57815,2025-12-20T04:46:45.914863+00:00,16,20,1766206005.914840
548,57841,2025-12-20T04:46:45.914949+00:00,16,20,1766206005.914942
549,57867,2025-12-20T04:46:45.916750+00:00,16,20,1766206005.916738
550,57892,2025-12-20T04:46:45.960007+00:00,16,20,1766206005.959982
551,57918,2025-12-20T04:46:45.960109+00:00,16,20,1766206005.960101
552,57943,2025-12-20T04:46:46.004959+00:00,16,20,1766206006.004934
553,57969,2025-12-20T04:46:46.005063+00:00,16,20,1766206006.005054
554,57995,2025-12-20T04:46:46.050948+00:00,16,20,1766206006.050927
555,58020,2025-12-20T04:46:46.051024+00:00,16,20,1766206006.051018
556,58046,2025-12-20T04:46:46.094935+00:00,16,20,1766206006.094916
557,58071,2025-12-20T04:46:46.095015+00:00,16,20,1766206006.095009
558,58097,2025-12-20T04:46:46.139960+00:00,16,20,1766206006.139938
559,58122,2025-12-20T04:46:46.140040+00:00,16,20,1766206006.140033
560,58148,2025-12-20T04:46:46.185926+00:00,16,20,1766206006.185906
561,58173,2025-12-20T04:46:46.231042+00:00,16,20,1766206006.231018
562,58199,2025-12-20T04:46:46.231303+00:00,16,20,1766206006.231293
563,58225,2025-12-20T04:46:46.275041+00:00,16,20,1766206006.275015
564,58250,2025-12-20T04:46:46.275140+00:00,16,20,1766206006.275132
565,58276,2025-12-20T04:46:46.319952+00:00,16,20,1766206006.319929
566,58301,2025-12-20T04:46:46.364872+00:00,16,20,1766206006.364851
567,58327,2025-12-20T04:46:46.364977+00:00,16,20,1766206006.364969
568,58353,2025-12-20T04:46:46.410017+00:00,16,20,1766206006.409991
569,58378,2025-12-20T04:46:46.410127+00:00,16,20,1766206006.410114
570,58404,2025-12-20T04:46:46.500015+00:00,16,20,1766206006.499987
571,58429,2025-12-20T04:46:46.500126+00:00,16,20,1766206006.500116
572,58455,2025-12-20T04:46:46.502818+00:00,16,20,1766206006.502799
573,58481,2025-12-20T04:46:46.544973+00:00,16,20,1766206006.544950
574,58506,2025-12-20T04:46:46.545059+00:00,16,20,1766206006.545052
575,58532,2025-12-20T04:46:46.589992+00:00,16,20,1766206006.589962
576,58558,2025-12-20T04:46:46.590087+00:00,16,20,1766206006.590080
577,58583,2025-12-20T04:46:46.634959+00:00,16,20,1766206006.634936
578,58609,2025-12-20T04:46:46.635052+00:00,16,20,1766206006.635044
579,58634,2025-12-20T04:46:46.679912+00:00,16,20,1766206006.679893
580,58660,2025-12-20T04:46:46.679987+00:00,16,20,1766206006.679981
581,58686,2025-12-20T04:46:46.769885+00:00,16,20,1766206006.769865
582,58711,2025-12-20T04:46:46.769965+00:00,16,20,1766206006.769959
583,58737,2025-12-20T04:46:46.771837+00:00,16,20,1766206006.771803
584,58763,2025-12-20T04:46:46.814948+00:00,16,20,1766206006.814920
585,58788,2025-12-20T04:46:46.815030+00:00,16,20,1766206006.815024
586,58814,2025-12-20T04:46:46.860924+00:00,16,20,1766206006.860899
587,58840,2025-12-20T04:46:46.861022+00:00,16,20,1766206006.861013
588,58865,2025-12-20T04:46:46.905003+00:00,16,20,1766206006.904977
589,58891,2025-12-20T04:46:46.905111+00:00,16,20,1766206006.905100
590,58916,2025-12-20T04:46:46.994989+00:00,16,20,1766206006.994967
591,58942,2025-12-20T04:46:46.995073+00:00,16,20,1766206006.995066
592,58968,2025-12-20T04:46:47.040007+00:00,16,20,1766206007.039960
593,58993,2025-12-20T04:46:47.040110+00:00,16,20,1766206007.040100
594,59019,2025-12-20T04:46:47.041957+00:00,16,20,1766206007.041941
595,59044,2025-12-20T04:46:47.084898+00:00,16,20,1766206007.084877
596,59070,2025-12-20T04:46:47.084973+00:00,16,20,1766206007.084967
597,59096,2025-12-20T04:46:47.130960+00:00,16,20,1766206007.130935
598,59121,2025-12-20T04:46:47.174966+00:00,16,20,1766206007.174941
599,59147,2025-12-20T04:46:47.175065+00:00,16,20,1766206007.175056
600,59173,2025-12-20T04:46:47.219987+00:00,16,20,1766206007.219962
601,59198,2025-12-20T04:46:47.220082+00:00,16,20,1766206007.220074
602,59224,2025-12-20T04:46:47.264885+00:00,16,20,1766206007.264860
603,59249,2025-12-20T04:46:47.264980+00:00,16,20,1766206007.264972
604,59275,2025-12-20T04:46:47.310922+00:00,16,20,1766206007.310899
605,59301,2025-12-20T04:46:47.354997+00:00,16,20,1766206007.354974
606,59326,2025-12-20T04:46:47.355094+00:00,16,20,1766206007.355086
607,59352,2025-12-20T04:46:47.403989+00:00,16,20,1766206007.403965
608,59377,2025-12-20T04:46:47.404091+00:00,16,20,1766206007.404083
609,59403,2025-12-20T04:46:47.445982+00:00,16,20,1766206007.445956
610,59429,2025-12-20T04:46:47.446071+00:00,16,20,1766206007.446064
611,59454,2025-12-20T04:46:47.490958+00:00,16,20,1766206007.490937
612,59480,2025-12-20T04:46:47.534907+00:00,16,20,1766206007.534886
613,59506,2025-12-20T04:46:47.534989+00:00,16,20,1766206007.534982
614,59531,2025-12-20T04:46:47.579971+00:00,16,20,1766206007.579949
615,59557,2025-12-20T04:46:47.580053+00:00,16,20,1766206007.580046
616,59582,2025-12-20T04:46:47.625011+00:00,16,20,1766206007.624988
617,59608,2025-12-20T04:46:47.625097+00:00,16,20,1766206007.625089
618,59634,2025-12-20T04:46:47.670981+00:00,16,20,1766206007.670927
619,59659,2025-12-20T04:46:47.714990+00:00,16,20,1766206007.714966
620,59685,2025-12-20T04:46:47.715083+00:00,16,20,1766206007.715076
621,59711,2025-12-20T04:46:47.759971+00:00,16,20,1766206007.759946
622,59736,2025-12-20T04:46:47.760071+00:00,16,20,1766206007.760063
623,59762,2025-12-20T04:46:47.804967+00:00,16,20,1766206007.804942
624,59788,2025-12-20T04:46:47.805061+00:00,16,20,1766206007.805054
625,59813,2025-12-20T04:46:47.894992+00:00,16,20,1766206007.894950
626,59839,2025-12-20T04:46:47.895072+00:00,16,20,1766206007.895065
627,59865,2025-12-20T04:46:47.897896+00:00,16,20,1766206007.897880
628,59890,2025-12-20T04:46:47.940044+00:00,16,20,1766206007.940016
629,59916,2025-12-20T04:46:47.940159+00:00,16,20,1766206007.940148
630,59942,2025-12-20T04:46:47.985006+00:00,16,20,1766206007.984982
631,59968,2025-12-20T04:46:48.029979+00:00,16,20,1766206008.029953
632,59993,2025-12-20T04:46:48.030087+00:00,16,20,1766206008.030077
633,60019,2025-12-20T04:46:48.075038+00:00,16,20,1766206008.075012
634,60044,2025-12-20T04:46:48.075145+00:00,16,20,1766206008.075136
635,60070,2025-12-20T04:46:48.120002+00:00,16,20,1766206008.119975
636,60095,2025-12-20T04:46:48.120096+00:00,16,20,1766206008.120089
637,60121,2025-12-20T04:46:48.165030+00:00,16,20,1766206008.165002
638,60146,2025-12-20T04:46:48.165134+00:00,16,20,1766206008.165126
639,60172,2025-12-20T04:46:48.211009+00:00,16,20,1766206008.210984
640,60198,2025-12-20T04:46:48.254954+00:00,16,20,1766206008.254929
641,60223,2025-12-20T04:46:48.255062+00:00,16,20,1766206008.255052
642,60249,2025-12-20T04:46:48.299980+00:00,16,20,1766206008.299956
643,60275,2025-12-20T04:46:48.300092+00:00,16,20,1766206008.300064
644,60300,2025-12-20T04:46:48.345050+00:00,16,20,1766206008.345023
645,60326,2025-12-20T04:46:48.345155+00:00,16,20,1766206008.345147
646,60351,2025-12-20T04:46:48.390972+00:00,16,20,1766206008.390946
647,60377,2025-12-20T04:46:48.434933+00:00,16,20,1766206008.434908
648,60403,2025-12-20T04:46:48.435032+00:00,16,20,1766206008.435024
649,60428,2025-12-20T04:46:48.480031+00:00,16,20,1766206008.480006
650,60454,2025-12-20T04:46:48.480141+00:00,16,20,1766206008.480130
651,60480,2025-12-20T04:46:48.525018+00:00,16,20,1766206008.524995
652,60505,2025-12-20T04:46:48.525111+00:00,16,20,1766206008.525103
653,60531,2025-12-20T04:46:48.569988+00:00,16,20,1766206008.569960
654,60557,2025-12-20T04:46:48.570091+00:00,16,20,1766206008.570083
655,60582,2025-12-20T04:46:48.615962+00:00,16,20,1766206008.615938
656,60608,2025-12-20T04:46:48.660054+00:00,16,20,1766206008.660026
657,60634,2025-12-20T04:46:48.660157+00:00,16,20,1766206008.660149
658,60659,2025-12-20T04:46:48.704956+00:00,16,20,1766206008.704933
659,60685,2025-12-20T04:46:48.705043+00:00,16,20,1766206008.705036
660,60711,2025-12-20T04:46:48.750015+00:00,16,20,1766206008.749988
661,60736,2025-12-20T04:46:48.750121+00:00,16,20,1766206008.750113
662,60762,2025-12-20T04:46:48.796011+00:00,16,20,1766206008.795983
663,60787,2025-12-20T04:46:48.839976+00:00,16,20,1766206008.839950
664,60813,2025-12-20T04:46:48.840075+00:00,16,20,1766206008.840067
665,60839,2025-12-20T04:46:48.884982+00:00,16,20,1766206008.884954
666,60864,2025-12-20T04:46:48.885087+00:00,16,20,1766206008.885078
667,60890,2025-12-20T04:46:48.946446+00:00,16,20,1766206008.946421
668,60916,2025-12-20T04:46:48.946526+00:00,16,20,1766206008.946520
669,60941,2025-12-20T04:46:49.020033+00:00,16,20,1766206009.019989
670,60967,2025-12-20T04:46:49.020121+00:00,16,20,1766206009.020114
671,60993,2025-12-20T04:46:49.021963+00:00,16,20,1766206009.021945
672,61018,2025-12-20T04:46:49.064975+00:00,16,20,1766206009.064949
673,61044,2025-12-20T04:46:49.065130+00:00,16,20,1766206009.065119
674,61070,2025-12-20T04:46:49.109967+00:00,16,20,1766206009.109946
675,61095,2025-12-20T04:46:49.110047+00:00,16,20,1766206009.110041
676,61121,2025-12-20T04:46:49.156006+00:00,16,20,1766206009.155981
677,61147,2025-12-20T04:46:49.199984+00:00,16,20,1766206009.199956
678,61172,2025-12-20T04:46:49.200094+00:00,16,20,1766206009.200085
679,61198,2025-12-20T04:46:49.244938+00:00,16,20,1766206009.244911
680,61224,2025-12-20T04:46:49.245044+00:00,16,20,1766206009.245035
681,61249,2025-12-20T04:46:49.290021+00:00,16,20,1766206009.289997
682,61275,2025-12-20T04:46:49.290123+00:00,16,20,1766206009.290114
683,61300,2025-12-20T04:46:49.335979+00:00,16,20,1766206009.335955
684,61326,2025-12-20T04:46:49.380044+00:00,16,20,1766206009.380016
685,61352,2025-12-20T04:46:49.380146+00:00,16,20,1766206009.380137
686,61377,2025-12-20T04:46:49.424956+00:00,16,20,1766206009.424934
687,61403,2025-12-20T04:46:49.425043+00:00,16,20,1766206009.425035
688,61429,2025-12-20T04:46:49.469997+00:00,16,20,1766206009.469972
689,61454,2025-12-20T04:46:49.470096+00:00,16,20,1766206009.470088
690,61480,2025-12-20T04:46:49.515920+00:00,16,20,1766206009.515898
691,61505,2025-12-20T04:46:49.559970+00:00,16,20,1766206009.559945
692,61531,2025-12-20T04:46:49.560071+00:00,16,20,1766206009.560062
693,61557,2025-12-20T04:46:49.604844+00:00,16,20,1766206009.604820
694,61582,2025-12-20T04:46:49.604935+00:00,16,20,1766206009.604928
695,61608,2025-12-20T04:46:49.649864+00:00,16,20,1766206009.649843
696,61633,2025-12-20T04:46:49.740004+00:00,16,20,1766206009.739974
697,61659,2025-12-20T04:46:49.740104+00:00,16,20,1766206009.740095
698,61685,2025-12-20T04:46:49.741840+00:00,16,20,1766206009.741824
699,61710,2025-12-20T04:46:49.785996+00:00,16,20,1766206009.785972
700,61736,2025-12-20T04:46:49.786088+00:00,16,20,1766206009.786079
701,61762,2025-12-20T04:46:49.829944+00:00,16,20,1766206009.829924
702,61787,2025-12-20T04:46:49.830022+00:00,16,20,1766206009.830015
703,61813,2025-12-20T04:46:49.875058+00:00,16,20,1766206009.875032
704,61839,2025-12-20T04:46:49.875166+00:00,16,20,1766206009.875156
705,61864,2025-12-20T04:46:49.935161+00:00,16,20,1766206009.935140
706,61890,2025-12-20T04:46:49.935240+00:00,16,20,1766206009.935233
707,61916,2025-12-20T04:46:49.965936+00:00,16,20,1766206009.965913
708,61941,2025-12-20T04:46:49.966019+00:00,16,20,1766206009.966012
709,61967,2025-12-20T04:46:50.009930+00:00,16,20,1766206010.009909
710,61993,2025-12-20T04:46:50.010006+00:00,16,20,1766206010.010000
711,62018,2025-12-20T04:46:50.055995+00:00,16,20,1766206010.055969
712,62044,2025-12-20T04:46:50.099922+00:00,16,20,1766206010.099875
713,62069,2025-12-20T04:46:50.100028+00:00,16,20,1766206010.100019
714,62095,2025-12-20T04:46:50.145048+00:00,16,20,1766206010.145021
715,62121,2025-12-20T04:46:50.145156+00:00,16,20,1766206010.145146
716,62146,2025-12-20T04:46:50.189980+00:00,16,20,1766206010.189955
717,62172,2025-12-20T04:46:50.190076+00:00,16,20,1766206010.190068
718,62197,2025-12-20T04:46:50.235980+00:00,16,20,1766206010.235955
719,62223,2025-12-20T04:46:50.280060+00:00,16,20,1766206010.280028
720,62249,2025-12-20T04:46:50.280161+00:00,16,20,1766206010.280154
721,62274,2025-12-20T04:46:50.324972+00:00,16,20,1766206010.324950
722,62300,2025-12-20T04:46:50.325057+00:00,16,20,1766206010.325050
723,62326,2025-12-20T04:46:50.370001+00:00,16,20,1766206010.369975
724,62351,2025-12-20T04:46:50.370102+00:00,16,20,1766206010.370093
725,62377,2025-12-20T04:46:50.415921+00:00,16,20,1766206010.415897
726,62403,2025-12-20T04:46:50.460045+00:00,16,20,1766206010.460020
727,62428,2025-12-20T04:46:50.460146+00:00,16,20,1766206010.460137
728,62454,2025-12-20T04:46:50.505033+00:00,16,20,1766206010.505006
729,62480,2025-12-20T04:46:50.505145+00:00,16,20,1766206010.505134
730,62505,2025-12-20T04:46:50.549999+00:00,16,20,1766206010.549975
731,62531,2025-12-20T04:46:50.550094+00:00,16,20,1766206010.550087
732,62557,2025-12-20T04:46:50.596041+00:00,16,20,1766206010.596015
733,62582,2025-12-20T04:46:50.639987+00:00,16,20,1766206010.639963
734,62608,2025-12-20T04:46:50.640071+00:00,16,20,1766206010.640064
735,62634,2025-12-20T04:46:50.684985+00:00,16,20,1766206010.684959
736,62659,2025-12-20T04:46:50.685087+00:00,16,20,1766206010.685080
737,62685,2025-12-20T04:46:50.729922+00:00,16,20,1766206010.729900
738,62711,2025-12-20T04:46:50.730008+00:00,16,20,1766206010.730000
739,62736,2025-12-20T04:46:50.775967+00:00,16,20,1766206010.775940
740,62762,2025-12-20T04:46:50.864975+00:00,16,20,1766206010.864950
741,62788,2025-12-20T04:46:50.865076+00:00,16,20,1766206010.865067
742,62813,2025-12-20T04:46:50.910078+00:00,16,20,1766206010.910051
743,62839,2025-12-20T04:46:50.910170+00:00,16,20,1766206010.910162
744,62865,2025-12-20T04:46:50.911831+00:00,16,20,1766206010.911813
745,62890,2025-12-20T04:46:50.954993+00:00,16,20,1766206010.954965
746,62916,2025-12-20T04:46:50.955097+00:00,16,20,1766206010.955088
747,62942,2025-12-20T04:46:50.999973+00:00,16,20,1766206010.999948
748,62967,2025-12-20T04:46:51.000069+00:00,16,20,1766206011.000062
749,62993,2025-12-20T04:46:51.044984+00:00,16,20,1766206011.044957
750,63018,2025-12-20T04:46:51.045087+00:00,16,20,1766206011.045078
751,63044,2025-12-20T04:46:51.089971+00:00,16,20,1766206011.089947
752,63069,2025-12-20T04:46:51.090072+00:00,16,20,1766206011.090063
753,63095,2025-12-20T04:46:51.134924+00:00,16,20,1766206011.134905
754,63120,2025-12-20T04:46:51.135001+00:00,16,20,1766206011.134994
755,63146,2025-12-20T04:46:51.180909+00:00,16,20,1766206011.180867
756,63172,2025-12-20T04:46:51.224986+00:00,16,20,1766206011.224960
757,63197,2025-12-20T04:46:51.225087+00:00,16,20,1766206011.225079
758,63223,2025-12-20T04:46:51.269982+00:00,16,20,1766206011.269956
759,63249,2025-12-20T04:46:51.270080+00:00,16,20,1766206011.270072
760,63274,2025-12-20T04:46:51.314921+00:00,16,20,1766206011.314896
761,63300,2025-12-20T04:46:51.315027+00:00,16,20,1766206011.315018
762,63325,2025-12-20T04:46:51.360963+00:00,16,20,1766206011.360939
763,63351,2025-12-20T04:46:51.404997+00:00,16,20,1766206011.404967
764,63377,2025-12-20T04:46:51.405102+00:00,16,20,1766206011.405094
765,63402,2025-12-20T04:46:51.449983+00:00,16,20,1766206011.449958
766,63428,2025-12-20T04:46:51.450075+00:00,16,20,1766206011.450068
767,63453,2025-12-20T04:46:51.494984+00:00,16,20,1766206011.494960
768,63479,2025-12-20T04:46:51.495100+00:00,16,20,1766206011.495070
769,63505,2025-12-20T04:46:51.540991+00:00,16,20,1766206011.540967
770,63530,2025-12-20T04:46:51.584945+00:00,16,20,1766206011.584919
771,63556,2025-12-20T04:46:51.585047+00:00,16,20,1766206011.585038
772,63581,2025-12-20T04:46:51.629993+00:00,16,20,1766206011.629966
773,63607,2025-12-20T04:46:51.630099+00:00,16,20,1766206011.630090
774,63632,2025-12-20T04:46:51.674935+00:00,16,20,1766206011.674892
775,63658,2025-12-20T04:46:51.675036+00:00,16,20,1766206011.675026
776,63684,2025-12-20T04:46:51.720992+00:00,16,20,1766206011.720966
777,63709,2025-12-20T04:46:51.764934+00:00,16,20,1766206011.764909
778,63735,2025-12-20T04:46:51.765020+00:00,16,20,1766206011.765013
779,63761,2025-12-20T04:46:51.809923+00:00,16,20,1766206011.809898
780,63786,2025-12-20T04:46:51.854863+00:00,16,20,1766206011.854841
781,63812,2025-12-20T04:46:51.854942+00:00,16,20,1766206011.854934
782,63837,2025-12-20T04:46:51.856933+00:00,16,20,1766206011.856915
783,63863,2025-12-20T04:46:51.900981+00:00,16,20,1766206011.900955
784,63888,2025-12-20T04:46:51.944976+00:00,16,20,1766206011.944953
785,63914,2025-12-20T04:46:51.945065+00:00,16,20,1766206011.945056
786,63940,2025-12-20T04:46:51.989949+00:00,16,20,1766206011.989922
787,63965,2025-12-20T04:46:51.990049+00:00,16,20,1766206011.990042
788,63991,2025-12-20T04:46:52.034939+00:00,16,20,1766206012.034916
789,64017,2025-12-20T04:46:52.035021+00:00,16,20,1766206012.035014
790,64042,2025-12-20T04:46:52.080915+00:00,16,20,1766206012.080888
791,64068,2025-12-20T04:46:52.124924+00:00,16,20,1766206012.124901
792,64094,2025-12-20T04:46:52.125011+00:00,16,20,1766206012.125005
793,64119,2025-12-20T04:46:52.169981+00:00,16,20,1766206012.169957
794,64145,2025-12-20T04:46:52.170101+00:00,16,20,1766206012.170092
795,64170,2025-12-20T04:46:52.214860+00:00,16,20,1766206012.214837
796,64196,2025-12-20T04:46:52.214949+00:00,16,20,1766206012.214942
797,64221,2025-12-20T04:46:52.260999+00:00,16,20,1766206012.260953
798,64247,2025-12-20T04:46:52.305007+00:00,16,20,1766206012.304980
799,64272,2025-12-20T04:46:52.305110+00:00,16,20,1766206012.305099
800,64298,2025-12-20T04:46:52.395000+00:00,16,20,1766206012.394974
801,64324,2025-12-20T04:46:52.395101+00:00,16,20,1766206012.395092
802,64349,2025-12-20T04:46:52.396947+00:00,16,20,1766206012.396930
803,64375,2025-12-20T04:46:52.443993+00:00,16,20,1766206012.443968
804,64400,2025-12-20T04:46:52.444181+00:00,16,20,1766206012.444169
805,64426,2025-12-20T04:46:52.485917+00:00,16,20,1766206012.485892
806,64452,2025-12-20T04:46:52.486018+00:00,16,20,1766206012.486009
807,64477,2025-12-20T04:46:52.530036+00:00,16,20,1766206012.530003
808,64503,2025-12-20T04:46:52.530133+00:00,16,20,1766206012.530125
809,64528,2025-12-20T04:46:52.574997+00:00,16,20,1766206012.574972
810,64554,2025-12-20T04:46:52.575091+00:00,16,20,1766206012.575083
811,64580,2025-12-20T04:46:52.620017+00:00,16,20,1766206012.619991
812,64605,2025-12-20T04:46:52.620121+00:00,16,20,1766206012.620112
813,64631,2025-12-20T04:46:52.665978+00:00,16,20,1766206012.665955
814,64656,2025-12-20T04:46:52.710034+00:00,16,20,1766206012.710007
815,64682,2025-12-20T04:46:52.710141+00:00,16,20,1766206012.710133
816,64708,2025-12-20T04:46:52.755016+00:00,16,20,1766206012.754991
817,64733,2025-12-20T04:46:52.755103+00:00,16,20,1766206012.755096
818,64759,2025-12-20T04:46:52.799914+00:00,16,20,1766206012.799889
819,64785,2025-12-20T04:46:52.800040+00:00,16,20,1766206012.800009
820,64810,2025-12-20T04:46:52.845994+00:00,16,20,1766206012.845967
821,64836,2025-12-20T04:46:52.889854+00:00,16,20,1766206012.889832
822,64861,2025-12-20T04:46:52.889938+00:00,16,20,1766206012.889931
823,64887,2025-12-20T04:46:52.979974+00:00,16,20,1766206012.979951
824,64912,2025-12-20T04:46:52.980057+00:00,16,20,1766206012.980050
825,64938,2025-12-20T04:46:52.981947+00:00,16,20,1766206012.981930
826,64963,2025-12-20T04:46:53.024969+00:00,16,20,1766206013.024942
827,64989,2025-12-20T04:46:53.025077+00:00,16,20,1766206013.025066
828,65014,2025-12-20T04:46:53.070043+00:00,16,20,1766206013.070017
829,65040,2025-12-20T04:46:53.070141+00:00,16,20,1766206013.070132
830,65066,2025-12-20T04:46:53.115022+00:00,16,20,1766206013.114998
831,65091,2025-12-20T04:46:53.115123+00:00,16,20,1766206013.115115
832,65117,2025-12-20T04:46:53.159985+00:00,16,20,1766206013.159962
833,65142,2025-12-20T04:46:53.160070+00:00,16,20,1766206013.160063
834,65168,2025-12-20T04:46:53.206048+00:00,16,20,1766206013.206018
835,65194,2025-12-20T04:46:53.250003+00:00,16,20,1766206013.249976
836,65219,2025-12-20T04:46:53.250107+00:00,16,20,1766206013.250099
837,65245,2025-12-20T04:46:53.294965+00:00,16,20,1766206013.294940
838,65271,2025-12-20T04:46:53.295057+00:00,16,20,1766206013.295050
839,65296,2025-12-20T04:46:53.340052+00:00,16,20,1766206013.340026
840,65322,2025-12-20T04:46:53.340184+00:00,16,20,1766206013.340154
841,65348,2025-12-20T04:46:53.385952+00:00,16,20,1766206013.385926
842,65373,2025-12-20T04:46:53.430059+00:00,16,20,1766206013.430032
843,65399,2025-12-20T04:46:53.430177+00:00,16,20,1766206013.430163
844,65424,2025-12-20T04:46:53.520056+00:00,16,20,1766206013.520030
845,65450,2025-12-20T04:46:53.520161+00:00,16,20,1766206013.520152
846,65476,2025-12-20T04:46:53.521931+00:00,16,20,1766206013.521909
847,65501,2025-12-20T04:46:53.565951+00:00,16,20,1766206013.565930
848,65527,2025-12-20T04:46:53.566030+00:00,16,20,1766206013.566024
849,16,2025-12-20T04:46:53.609989+00:00,16,20,1766206013.609963
850,42,2025-12-20T04:46:53.610098+00:00,16,20,1766206013.610088
851,68,2025-12-20T04:46:53.654941+00:00,16,20,1766206013.654919
852,93,2025-12-20T04:46:53.655029+00:00,16,20,1766206013.655021
853,119,2025-12-20T04:46:53.699918+00:00,16,20,1766206013.699893
854,144,2025-12-20T04:46:53.700015+00:00,16,20,1766206013.700007
855,170,2025-12-20T04:46:53.744983+00:00,16,20,1766206013.744959
856,196,2025-12-20T04:46:53.745080+00:00,16,20,1766206013.745072
857,221,2025-12-20T04:46:53.790930+00:00,16,20,1766206013.790907
858,247,2025-12-20T04:46:53.834982+00:00,16,20,1766206013.834955
859,273,2025-12-20T04:46:53.835090+00:00,16,20,1766206013.835081
860,298,2025-12-20T04:46:53.879988+00:00,16,20,1766206013.879963
861,324,2025-12-20T04:46:53.880091+00:00,16,20,1766206013.880082
862,350,2025-12-20T04:46:53.925984+00:00,16,20,1766206013.925959
863,375,2025-12-20T04:46:53.926087+00:00,16,20,1766206013.926078
864,401,2025-12-20T04:46:53.970970+00:00,16,20,1766206013.970946
865,426,2025-12-20T04:46:54.060012+00:00,16,20,1766206014.059986
866,452,2025-12-20T04:46:54.060125+00:00,16,20,1766206014.060113
867,477,2025-12-20T04:46:54.105028+00:00,16,20,1766206014.105003
868,503,2025-12-20T04:46:54.105130+00:00,16,20,1766206014.105122
869,529,2025-12-20T04:46:54.106961+00:00,16,20,1766206014.106941
870,554,2025-12-20T04:46:54.150011+00:00,16,20,1766206014.149987
871,580,2025-12-20T04:46:54.150109+00:00,16,20,1766206014.150101
872,606,2025-12-20T04:46:54.195013+00:00,16,20,1766206014.194988
873,631,2025-12-20T04:46:54.195114+00:00,16,20,1766206014.195105
874,657,2025-12-20T04:46:54.239985+00:00,16,20,1766206014.239958
875,682,2025-12-20T04:46:54.240094+00:00,16,20,1766206014.240085
876,708,2025-12-20T04:46:54.285007+00:00,16,20,1766206014.284983
877,734,2025-12-20T04:46:54.285106+00:00,16,20,1766206014.285097
878,759,2025-12-20T04:46:54.330920+00:00,16,20,1766206014.330894
879,785,2025-12-20T04:46:54.374943+00:00,16,20,1766206014.374922
880,810,2025-12-20T04:46:54.375024+00:00,16,20,1766206014.375017
881,836,2025-12-20T04:46:54.420023+00:00,16,20,1766206014.419995
882,862,2025-12-20T04:46:54.420125+00:00,16,20,1766206014.420115
883,887,2025-12-20T04:46:54.464970+00:00,16,20,1766206014.464945
884,913,2025-12-20T04:46:54.465073+00:00,16,20,1766206014.465065
885,939,2025-12-20T04:46:54.510976+00:00,16,20,1766206014.510949
886,964,2025-12-20T04:46:54.555057+00:00,16,20,1766206014.555009
887,990,2025-12-20T04:46:54.555162+00:00,16,20,1766206014.555154
888,1016,2025-12-20T04:46:54.645038+00:00,16,20,1766206014.645013
889,1041,2025-12-20T04:46:54.645141+00:00,16,20,1766206014.645132
890,1067,2025-12-20T04:46:54.646843+00:00,16,20,1766206014.646826
891,1093,2025-12-20T04:46:54.689981+00:00,16,20,1766206014.689956
892,1118,2025-12-20T04:46:54.690080+00:00,16,20,1766206014.690071
893,1144,2025-12-20T04:46:54.735008+00:00,16,20,1766206014.734982
894,1170,2025-12-20T04:46:54.735111+00:00,16,20,1766206014.735102
895,1195,2025-12-20T04:46:54.825002+00:00,16,20,1766206014.824974
896,1221,2025-12-20T04:46:54.825136+00:00,16,20,1766206014.825125
897,1247,2025-12-20T04:46:54.826905+00:00,16,20,1766206014.826888
898,1272,2025-12-20T04:46:54.869985+00:00,16,20,1766206014.869960
899,1298,2025-12-20T04:46:54.914951+00:00,16,20,1766206014.914930
900,1323,2025-12-20T04:46:54.915028+00:00,16,20,1766206014.915022
901,1349,2025-12-20T04:46:54.916847+00:00,16,20,1766206014.916826
902,1374,2025-12-20T04:46:54.963940+00:00,16,20,1766206014.963914
903,1400,2025-12-20T04:46:54.964041+00:00,16,20,1766206014.964032
904,1425,2025-12-20T04:46:55.004905+00:00,16,20,1766206015.004881
905,1451,2025-12-20T04:46:55.005000+00:00,16,20,1766206015.004991
906,1477,2025-12-20T04:46:55.050936+00:00,16,20,1766206015.050910
907,1502,2025-12-20T04:46:55.094983+00:00,16,20,1766206015.094960
908,1528,2025-12-20T04:46:55.095068+00:00,16,20,1766206015.095061
909,1554,2025-12-20T04:46:55.139996+00:00,16,20,1766206015.139970
910,1579,2025-12-20T04:46:55.140102+00:00,16,20,1766206015.140092
911,1605,2025-12-20T04:46:55.184888+00:00,16,20,1766206015.184867
912,1631,2025-12-20T04:46:55.184988+00:00,16,20,1766206015.184963
913,1656,2025-12-20T04:46:55.230899+00:00,16,20,1766206015.230876
914,1682,2025-12-20T04:46:55.274932+00:00,16,20,1766206015.274907
915,1707,2025-12-20T04:46:55.275034+00:00,16,20,1766206015.275026
916,1733,2025-12-20T04:46:55.319973+00:00,16,20,1766206015.319948
917,1759,2025-12-20T04:46:55.320065+00:00,16,20,1766206015.320057
918,1784,2025-12-20T04:46:55.364840+00:00,16,20,1766206015.364820
919,1810,2025-12-20T04:46:55.364918+00:00,16,20,1766206015.364912
920,1835,2025-12-20T04:46:55.410906+00:00,16,20,1766206015.410883
921,1861,2025-12-20T04:46:55.454958+00:00,16,20,1766206015.454933
922,1887,2025-12-20T04:46:55.499909+00:00,16,20,1766206015.499885
923,1912,2025-12-20T04:46:55.500016+00:00,16,20,1766206015.499991
924,1938,2025-12-20T04:46:55.544984+00:00,16,20,1766206015.544960
925,1964,2025-12-20T04:46:55.545079+00:00,16,20,1766206015.545070
926,1989,2025-12-20T04:46:55.546919+00:00,16,20,1766206015.546902
927,2015,2025-12-20T04:46:55.590976+00:00,16,20,1766206015.590953
928,2041,2025-12-20T04:46:55.634982+00:00,16,20,1766206015.634957
929,2066,2025-12-20T04:46:55.635096+00:00,16,20,1766206015.635072
930,2092,2025-12-20T04:46:55.679868+00:00,16,20,1766206015.679849
931,2118,2025-12-20T04:46:55.679940+00:00,16,20,1766206015.679934
932,2143,2025-12-20T04:46:55.724999+00:00,16,20,1766206015.724976
933,2169,2025-12-20T04:46:55.725105+00:00,16,20,1766206015.725095
934,2195,2025-12-20T04:46:55.769938+00:00,16,20,1766206015.769917
935,2220,2025-12-20T04:46:55.770014+00:00,16,20,1766206015.770007
936,2246,2025-12-20T04:46:55.815850+00:00,16,20,1766206015.815826
937,2272,2025-12-20T04:46:55.860000+00:00,16,20,1766206015.859975
938,2297,2025-12-20T04:46:55.860097+00:00,16,20,1766206015.860088
939,2323,2025-12-20T04:46:55.904964+00:00,16,20,1766206015.904942
940,2348,2025-12-20T04:46:55.905052+00:00,16,20,1766206015.905045
941,2374,2025-12-20T04:46:55.949907+00:00,16,20,1766206015.949883
942,2400,2025-12-20T04:46:55.994953+00:00,16,20,1766206015.994931
943,2425,2025-12-20T04:46:55.995033+00:00,16,20,1766206015.995026
944,2451,2025-12-20T04:46:56.039938+00:00,16,20,1766206016.039915
945,2477,2025-12-20T04:46:56.040021+00:00,16,20,1766206016.040014
946,2502,2025-12-20T04:46:56.084940+00:00,16,20,1766206016.084917
947,2528,2025-12-20T04:46:56.085021+00:00,16,20,1766206016.085016
948,2554,2025-12-20T04:46:56.129969+00:00,16,20,1766206016.129947
949,2579,2025-12-20T04:46:56.130071+00:00,16,20,1766206016.130044
950,2605,2025-12-20T04:46:56.174910+00:00,16,20,1766206016.174888
951,2631,2025-12-20T04:46:56.264982+00:00,16,20,1766206016.264956
952,2656,2025-12-20T04:46:56.265088+00:00,16,20,1766206016.265079
953,2682,2025-12-20T04:46:56.266853+00:00,16,20,1766206016.266838
954,2708,2025-12-20T04:46:56.309944+00:00,16,20,1766206016.309925
955,2733,2025-12-20T04:46:56.310016+00:00,16,20,1766206016.310010
956,2759,2025-12-20T04:46:56.354981+00:00,16,20,1766206016.354958
957,2785,2025-12-20T04:46:56.355064+00:00,16,20,1766206016.355058
958,2810,2025-12-20T04:46:56.399864+00:00,16,20,1766206016.399846
959,2836,2025-12-20T04:46:56.399934+00:00,16,20,1766206016.399928
960,2862,2025-12-20T04:46:56.444861+00:00,16,20,1766206016.444840
961,2887,2025-12-20T04:46:56.489983+00:00,16,20,1766206016.489956
962,2913,2025-12-20T04:46:56.490067+00:00,16,20,1766206016.490061
963,2939,2025-12-20T04:46:56.491792+00:00,16,20,1766206016.491778
964,2964,2025-12-20T04:46:56.535963+00:00,16,20,1766206016.535943
965,2990,2025-12-20T04:46:56.579901+00:00,16,20,1766206016.579880
966,3016,2025-12-20T04:46:56.579976+00:00,16,20,1766206016.579970
967,3041,2025-12-20T04:46:56.624961+00:00,16,20,1766206016.624939
968,3067,2025-12-20T04:46:56.625040+00:00,16,20,1766206016.625034
969,3093,2025-12-20T04:46:56.669966+00:00,16,20,1766206016.669944
970,3118,2025-12-20T04:46:56.670046+00:00,16,20,1766206016.670040
971,3144,2025-12-20T04:46:56.715898+00:00,16,20,1766206016.715863
972,3169,2025-12-20T04:46:56.759991+00:00,16,20,1766206016.759966
973,3195,2025-12-20T04:46:56.760079+00:00,16,20,1766206016.760073
974,3221,2025-12-20T04:46:56.804933+00:00,16,20,1766206016.804914
975,3246,2025-12-20T04:46:56.805005+00:00,16,20,1766206016.804999
976,3272,2025-12-20T04:46:56.849887+00:00,16,20,1766206016.849866
977,3297,2025-12-20T04:46:56.849961+00:00,16,20,1766206016.849955
978,3323,2025-12-20T04:46:56.895923+00:00,16,20,1766206016.895900
979,3348,2025-12-20T04:46:56.940975+00:00,16,20,1766206016.940949
980,3374,2025-12-20T04:46:56.941076+00:00,16,20,1766206016.941069
981,3400,2025-12-20T04:46:56.984884+00:00,16,20,1766206016.984863
982,3425,2025-12-20T04:46:56.984961+00:00,16,20,1766206016.984953
983,3451,2025-12-20T04:46:57.029879+00:00,16,20,1766206017.029858
984,3476,2025-12-20T04:46:57.029952+00:00,16,20,1766206017.029946
985,3502,2025-12-20T04:46:57.075926+00:00,16,20,1766206017.075899
986,3527,2025-12-20T04:46:57.119951+00:00,16,20,1766206017.119932
987,3553,2025-12-20T04:46:57.120027+00:00,16,20,1766206017.120021
988,3579,2025-12-20T04:46:57.164924+00:00,16,20,1766206017.164904
989,3604,2025-12-20T04:46:57.165002+00:00,16,20,1766206017.164995
990,3630,2025-12-20T04:46:57.209916+00:00,16,20,1766206017.209895
991,3656,2025-12-20T04:46:57.209991+00:00,16,20,1766206017.209985
992,3681,2025-12-20T04:46:57.255956+00:00,16,20,1766206017.255928
993,3707,2025-12-20T04:46:57.299908+00:00,16,20,1766206017.299881
994,3732,2025-12-20T04:46:57.300009+00:00,16,20,1766206017.300000
995,3758,2025-12-20T04:46:57.344987+00:00,16,20,1766206017.344964
996,3784,2025-12-20T04:46:57.345079+00:00,16,20,1766206017.345072
997,3809,2025-12-20T04:46:57.391027+00:00,16,20,1766206017.390994
998,3835,2025-12-20T04:46:57.391322+00:00,16,20,1766206017.391310
999,3860,2025-12-20T04:46:57.435891+00:00,16,20,1766206017.435869
1000,3886,2025-12-20T04:46:57.483939+00:00,16,20,1766206017.483914
1001,3912,2025-12-20T04:46:57.484039+00:00,16,20,1766206017.484030
1002,3937,2025-12-20T04:46:57.526046+00:00,16,20,1766206017.526022
1003,3963,2025-12-20T04:46:57.526144+00:00,16,20,1766206017.526136
1004,3989,2025-12-20T04:46:57.570008+00:00,16,20,1766206017.569985
1005,4014,2025-12-20T04:46:57.570103+00:00,16,20,1766206017.570095
1006,4040,2025-12-20T04:46:57.615901+00:00,16,20,1766206017.615880
1007,4066,2025-12-20T04:46:57.660018+00:00,16,20,1766206017.659992
1008,4091,2025-12-20T04:46:57.660123+00:00,16,20,1766206017.660114
1009,4117,2025-12-20T04:46:57.705017+00:00,16,20,1766206017.704993
1010,4143,2025-12-20T04:46:57.705113+00:00,16,20,1766206017.705104
1011,4168,2025-12-20T04:46:57.749956+00:00,16,20,1766206017.749932
1012,4194,2025-12-20T04:46:57.750050+00:00,16,20,1766206017.750042
1013,4219,2025-12-20T04:46:57.795043+00:00,16,20,1766206017.794995
1014,4245,2025-12-20T04:46:57.795144+00:00,16,20,1766206017.795135
1015,4271,2025-12-20T04:46:57.841011+00:00,16,20,1766206017.840986
1016,4296,2025-12-20T04:46:57.884974+00:00,16,20,1766206017.884948
1017,4322,2025-12-20T04:46:57.885074+00:00,16,20,1766206017.885066
1018,4347,2025-12-20T04:46:57.932102+00:00,16,20,1766206017.932082
1019,4373,2025-12-20T04:46:57.974917+00:00,16,20,1766206017.974896
1020,4399,2025-12-20T04:46:57.974993+00:00,16,20,1766206017.974988
1021,4425,2025-12-20T04:46:57.976900+00:00,16,20,1766206017.976884
1022,4450,2025-12-20T04:46:58.020957+00:00,16,20,1766206018.020935
1023,4476,2025-12-20T04:46:58.064975+00:00,16,20,1766206018.064951
1024,4502,2025-12-20T04:46:58.065057+00:00,16,20,1766206018.065051
1025,4527,2025-12-20T04:46:58.110067+00:00,16,20,1766206018.110015
1026,4553,2025-12-20T04:46:58.110245+00:00,16,20,1766206018.110236
1027,4579,2025-12-20T04:46:58.155004+00:00,16,20,1766206018.154980
1028,4604,2025-12-20T04:46:58.155098+00:00,16,20,1766206018.155090
1029,4630,2025-12-20T04:46:58.244879+00:00,16,20,1766206018.244855
1030,4656,2025-12-20T04:46:58.244965+00:00,16,20,1766206018.244958
1031,4681,2025-12-20T04:46:58.247937+00:00,16,20,1766206018.247917
1032,4707,2025-12-20T04:46:58.290023+00:00,16,20,1766206018.289995
1033,4733,2025-12-20T04:46:58.290132+00:00,16,20,1766206018.290122
1034,4758,2025-12-20T04:46:58.334964+00:00,16,20,1766206018.334940
1035,4784,2025-12-20T04:46:58.335050+00:00,16,20,1766206018.335043
1036,4810,2025-12-20T04:46:58.380987+00:00,16,20,1766206018.380963
1037,4835,2025-12-20T04:46:58.425009+00:00,16,20,1766206018.424984
1038,4861,2025-12-20T04:46:58.425094+00:00,16,20,1766206018.425086
1039,4887,2025-12-20T04:46:58.470041+00:00,16,20,1766206018.470012
1040,4912,2025-12-20T04:46:58.470145+00:00,16,20,1766206018.470136
1041,4938,2025-12-20T04:46:58.514988+00:00,16,20,1766206018.514961
1042,4964,2025-12-20T04:46:58.515069+00:00,16,20,1766206018.515062
1043,4989,2025-12-20T04:46:58.561006+00:00,16,20,1766206018.560984
1044,5015,2025-12-20T04:46:58.605034+00:00,16,20,1766206018.605009
1045,5040,2025-12-20T04:46:58.605137+00:00,16,20,1766206018.605128
1046,5066,2025-12-20T04:46:58.649968+00:00,16,20,1766206018.649944
1047,5092,2025-12-20T04:46:58.650059+00:00,16,20,1766206018.650051
1048,5117,2025-12-20T04:46:58.695041+00:00,16,20,1766206018.695016
1049,5143,2025-12-20T04:46:58.695155+00:00,16,20,1766206018.695148
1050,5168,2025-12-20T04:46:58.741033+00:00,16,20,1766206018.741007
1051,5194,2025-12-20T04:46:58.785045+00:00,16,20,1766206018.784995
1052,5220,2025-12-20T04:46:58.829906+00:00,16,20,1766206018.829886
1053,5246,2025-12-20T04:46:58.829986+00:00,16,20,1766206018.829979
1054,5271,2025-12-20T04:46:58.831816+00:00,16,20,1766206018.831801
1055,5296,2025-12-20T04:46:58.874986+00:00,16,20,1766206018.874960
1056,5322,2025-12-20T04:46:58.920921+00:00,16,20,1766206018.920877
1057,5348,2025-12-20T04:46:58.964891+00:00,16,20,1766206018.964867
1058,5373,2025-12-20T04:46:58.964982+00:00,16,20,1766206018.964975
1059,5399,2025-12-20T04:46:59.054981+00:00,16,20,1766206019.054955
1060,5424,2025-12-20T04:46:59.055084+00:00,16,20,1766206019.055075
1061,5450,2025-12-20T04:46:59.056946+00:00,16,20,1766206019.056929
1062,5476,2025-12-20T04:46:59.099995+00:00,16,20,1766206019.099971
1063,5501,2025-12-20T04:46:59.100087+00:00,16,20,1766206019.100079
1064,5527,2025-12-20T04:46:59.144968+00:00,16,20,1766206019.144943
1065,5553,2025-12-20T04:46:59.145065+00:00,16,20,1766206019.145056
1066,5578,2025-12-20T04:46:59.190031+00:00,16,20,1766206019.190005
1067,5604,2025-12-20T04:46:59.190127+00:00,16,20,1766206019.190119
1068,5629,2025-12-20T04:46:59.234970+00:00,16,20,1766206019.234946
1069,5655,2025-12-20T04:46:59.235060+00:00,16,20,1766206019.235053
1070,5681,2025-12-20T04:46:59.280992+00:00,16,20,1766206019.280959
1071,5706,2025-12-20T04:46:59.281119+00:00,16,20,1766206019.281108
1072,5732,2025-12-20T04:46:59.283885+00:00,16,20,1766206019.283868
1073,5757,2025-12-20T04:46:59.326006+00:00,16,20,1766206019.325984
1074,5783,2025-12-20T04:46:59.370025+00:00,16,20,1766206019.369999
1075,5809,2025-12-20T04:46:59.370130+00:00,16,20,1766206019.370120
1076,5834,2025-12-20T04:46:59.414969+00:00,16,20,1766206019.414923
1077,5860,2025-12-20T04:46:59.415060+00:00,16,20,1766206019.415053
1078,5886,2025-12-20T04:46:59.460926+00:00,16,20,1766206019.460906
1079,5911,2025-12-20T04:46:59.504983+00:00,16,20,1766206019.504958
1080,5937,2025-12-20T04:46:59.505084+00:00,16,20,1766206019.505075
1081,5962,2025-12-20T04:46:59.550980+00:00,16,20,1766206019.550955
1082,5988,2025-12-20T04:46:59.551072+00:00,16,20,1766206019.551064
1083,6014,2025-12-20T04:46:59.594952+00:00,16,20,1766206019.594925
1084,6039,2025-12-20T04:46:59.595055+00:00,16,20,1766206019.595046
1085,6065,2025-12-20T04:46:59.640953+00:00,16,20,1766206019.640930
1086,6091,2025-12-20T04:46:59.684987+00:00,16,20,1766206019.684963
1087,6116,2025-12-20T04:46:59.685087+00:00,16,20,1766206019.685079
1088,6142,2025-12-20T04:46:59.729980+00:00,16,20,1766206019.729957
1089,6168,2025-12-20T04:46:59.730067+00:00,16,20,1766206019.730059
1090,6193,2025-12-20T04:46:59.774921+00:00,16,20,1766206019.774895
1091,6219,2025-12-20T04:46:59.775027+00:00,16,20,1766206019.775018
1092,6244,2025-12-20T04:46:59.819971+00:00,16,20,1766206019.819945
1093,6270,2025-12-20T04:46:59.820071+00:00,16,20,1766206019.820062
1094,6296,2025-12-20T04:46:59.865840+00:00,16,20,1766206019.865819
1095,6321,2025-12-20T04:46:59.909988+00:00,16,20,1766206019.909963
1096,6347,2025-12-20T04:46:59.910108+00:00,16,20,1766206019.910100
1097,6372,2025-12-20T04:46:59.954962+00:00,16,20,1766206019.954938
1098,6398,2025-12-20T04:46:59.955058+00:00,16,20,1766206019.955050
1099,6423,2025-12-20T04:47:00.004001+00:00,16,20,1766206020.003953
1100,6449,2025-12-20T04:47:00.004099+00:00,16,20,1766206020.004092
1101,6475,2025-12-20T04:47:00.045893+00:00,16,20,1766206020.045867
1102,6500,2025-12-20T04:47:00.089993+00:00,16,20,1766206020.089967
1103,6526,2025-12-20T04:47:00.090115+00:00,16,20,1766206020.090106
1104,6551,2025-12-20T04:47:00.134960+00:00,16,20,1766206020.134938
1105,6577,2025-12-20T04:47:00.135040+00:00,16,20,1766206020.135032
1106,6602,2025-12-20T04:47:00.179983+00:00,16,20,1766206020.179958
1107,6628,2025-12-20T04:47:00.180083+00:00,16,20,1766206020.180075
1108,6654,2025-12-20T04:47:00.225973+00:00,16,20,1766206020.225948
1109,6679,2025-12-20T04:47:00.270966+00:00,16,20,1766206020.270946
1110,6705,2025-12-20T04:47:00.271046+00:00,16,20,1766206020.271040
1111,6731,2025-12-20T04:47:00.314923+00:00,16,20,1766206020.314896
1112,6756,2025-12-20T04:47:00.315031+00:00,16,20,1766206020.315022
1113,6782,2025-12-20T04:47:00.359968+00:00,16,20,1766206020.359944
1114,6807,2025-12-20T04:47:00.360067+00:00,16,20,1766206020.360058
1115,6833,2025-12-20T04:47:00.405996+00:00,16,20,1766206020.405968
1116,6859,2025-12-20T04:47:00.494990+00:00,16,20,1766206020.494965
1117,6884,2025-12-20T04:47:00.495095+00:00,16,20,1766206020.495085
1118,6910,2025-12-20T04:47:00.496898+00:00,16,20,1766206020.496880
1119,6936,2025-12-20T04:47:00.539928+00:00,16,20,1766206020.539905
1120,6961,2025-12-20T04:47:00.540007+00:00,16,20,1766206020.540000
1121,6987,2025-12-20T04:47:00.584903+00:00,16,20,1766206020.584878
1122,7012,2025-12-20T04:47:00.585018+00:00,16,20,1766206020.585009
1123,7038,2025-12-20T04:47:00.719978+00:00,16,20,1766206020.719948
1124,7063,2025-12-20T04:47:00.720091+00:00,16,20,1766206020.720081
1125,7089,2025-12-20T04:47:00.721909+00:00,16,20,1766206020.721891
1126,7115,2025-12-20T04:47:00.764940+00:00,16,20,1766206020.764919
1127,7140,2025-12-20T04:47:00.765043+00:00,16,20,1766206020.765015
1128,7166,2025-12-20T04:47:00.809986+00:00,16,20,1766206020.809959
1129,7191,2025-12-20T04:47:00.810092+00:00,16,20,1766206020.810083
1130,7217,2025-12-20T04:47:00.854970+00:00,16,20,1766206020.854948
1131,7243,2025-12-20T04:47:00.855054+00:00,16,20,1766206020.855047
1132,7268,2025-12-20T04:47:00.899977+00:00,16,20,1766206020.899952
1133,7294,2025-12-20T04:47:00.900082+00:00,16,20,1766206020.900072
1134,7319,2025-12-20T04:47:00.944995+00:00,16,20,1766206020.944974
1135,7345,2025-12-20T04:47:00.945079+00:00,16,20,1766206020.945073
1136,7371,2025-12-20T04:47:01.035991+00:00,16,20,1766206021.035965
1137,7396,2025-12-20T04:47:01.036093+00:00,16,20,1766206021.036084
1138,7422,2025-12-20T04:47:01.036133+00:00,16,20,1766206021.036128
1139,7447,2025-12-20T04:47:01.079990+00:00,16,20,1766206021.079963
1140,7473,2025-12-20T04:47:01.080091+00:00,16,20,1766206021.080083
1141,7499,2025-12-20T04:47:01.124941+00:00,16,20,1766206021.124892
1142,7524,2025-12-20T04:47:01.125017+00:00,16,20,1766206021.125011
1143,7550,2025-12-20T04:47:01.169912+00:00,16,20,1766206021.169892
1144,7576,2025-12-20T04:47:01.169984+00:00,16,20,1766206021.169978
1145,7601,2025-12-20T04:47:01.214991+00:00,16,20,1766206021.214964
1146,7627,2025-12-20T04:47:01.215080+00:00,16,20,1766206021.215072
1147,7652,2025-12-20T04:47:01.305037+00:00,16,20,1766206021.305012
1148,7678,2025-12-20T04:47:01.349935+00:00,16,20,1766206021.349916
1149,7704,2025-12-20T04:47:01.350012+00:00,16,20,1766206021.350006
1150,7729,2025-12-20T04:47:01.351901+00:00,16,20,1766206021.351885
1151,7755,2025-12-20T04:47:01.394931+00:00,16,20,1766206021.394906
1152,7780,2025-12-20T04:47:01.395029+00:00,16,20,1766206021.395020
1153,7806,2025-12-20T04:47:01.439945+00:00,16,20,1766206021.439889
1154,7831,2025-12-20T04:47:01.484959+00:00,16,20,1766206021.484935
1155,7857,2025-12-20T04:47:01.485058+00:00,16,20,1766206021.485049
1156,7883,2025-12-20T04:47:01.486834+00:00,16,20,1766206021.486816
1157,7908,2025-12-20T04:47:01.529924+00:00,16,20,1766206021.529904
1158,7934,2025-12-20T04:47:01.530009+00:00,16,20,1766206021.530002
1159,7959,2025-12-20T04:47:01.620986+00:00,16,20,1766206021.620961
1160,7985,2025-12-20T04:47:01.664912+00:00,16,20,1766206021.664889
1161,8011,2025-12-20T04:47:01.665003+00:00,16,20,1766206021.664995
1162,8036,2025-12-20T04:47:01.709945+00:00,16,20,1766206021.709924
1163,8062,2025-12-20T04:47:01.710026+00:00,16,20,1766206021.710018
1164,8088,2025-12-20T04:47:01.755979+00:00,16,20,1766206021.755959
1165,8113,2025-12-20T04:47:01.756066+00:00,16,20,1766206021.756044
1166,8139,2025-12-20T04:47:01.844988+00:00,16,20,1766206021.844962
1167,8164,2025-12-20T04:47:01.845102+00:00,16,20,1766206021.845094
1168,8190,2025-12-20T04:47:01.847941+00:00,16,20,1766206021.847924
1169,8215,2025-12-20T04:47:01.890974+00:00,16,20,1766206021.890945
